room_id,date,scheduled_start,scheduled_end,actual_start,actual_end,procedure_type,surgeon_id,status,block_start,block_end
OR-1,2025-01-06,07:00,09:03,07:01,09:21,Total Knee Arthroplasty,SUR-011,completed,07:00,17:00
OR-1,2025-01-06,09:50,10:38,09:50,10:40,Laparoscopic Cholecystectomy,SUR-011,completed,07:00,17:00
OR-1,2025-01-06,10:59,11:53,10:59,12:04,Hernia Repair,SUR-011,completed,07:00,17:00
OR-2,2025-01-06,07:00,07:45,07:14,08:03,Appendectomy,SUR-001,completed,07:00,17:00
OR-2,2025-01-06,08:18,09:15,08:18,09:25,Hernia Repair,SUR-001,completed,07:00,17:00
OR-2,2025-01-06,09:46,10:39,09:46,10:53,Hernia Repair,SUR-001,completed,07:00,17:00
OR-3,2025-01-06,07:00,07:57,07:05,08:08,Laparoscopic Cholecystectomy,SUR-005,completed,07:00,17:00
OR-3,2025-01-06,08:32,09:34,08:38,10:06,Laparoscopic Cholecystectomy,SUR-005,completed,07:00,17:00
OR-3,2025-01-06,10:24,12:32,10:24,12:53,Total Hip Arthroplasty,SUR-006,completed,07:00,17:00
OR-4,2025-01-06,07:00,08:58,07:02,08:43,Total Knee Arthroplasty,SUR-010,completed,07:00,17:00
OR-4,2025-01-06,09:10,12:23,09:17,12:12,Spinal Fusion,SUR-010,completed,07:00,17:00
OR-4,2025-01-06,12:35,14:16,12:40,14:43,ACL Reconstruction,SUR-010,completed,07:00,17:00
OR-4,2025-01-06,15:06,15:43,15:10,15:52,Tonsillectomy,SUR-011,completed,07:00,17:00
OR-5,2025-01-06,07:00,08:55,07:06,08:51,Total Hip Arthroplasty,SUR-004,completed,07:00,17:00
OR-5,2025-01-06,09:07,12:02,09:19,11:52,Spinal Fusion,SUR-004,completed,07:00,17:00
OR-5,2025-01-06,12:21,13:35,12:22,13:43,Rotator Cuff Repair,SUR-004,completed,07:00,17:00
OR-5,2025-01-06,14:09,15:56,14:17,16:07,ACL Reconstruction,SUR-004,completed,07:00,17:00
OR-1,2025-01-07,07:00,07:38,07:06,07:36,Tonsillectomy,SUR-011,completed,07:00,17:00
OR-1,2025-01-07,07:48,08:28,07:54,08:37,Appendectomy,SUR-011,completed,07:00,17:00
OR-1,2025-01-07,09:04,10:39,09:08,11:00,ACL Reconstruction,SUR-011,completed,07:00,17:00
OR-2,2025-01-07,07:00,07:47,07:04,07:47,Appendectomy,SUR-006,completed,07:00,17:00
OR-2,2025-01-07,08:05,10:43,08:11,10:41,Spinal Fusion,SUR-006,completed,07:00,17:00
OR-2,2025-01-07,11:03,11:39,11:09,11:52,Tonsillectomy,SUR-006,completed,07:00,17:00
OR-3,2025-01-07,07:00,09:52,07:07,09:07,Spinal Fusion,SUR-011,completed,07:00,17:00
OR-3,2025-01-07,09:17,10:09,09:17,10:14,Laparoscopic Cholecystectomy,SUR-011,completed,07:00,17:00
OR-3,2025-01-07,10:28,11:20,10:39,11:31,Hernia Repair,SUR-011,completed,07:00,17:00
OR-3,2025-01-07,11:58,14:41,12:00,14:30,Spinal Fusion,SUR-011,completed,07:00,17:00
OR-3,2025-01-07,14:49,15:37,14:49,15:46,Appendectomy,SUR-008,completed,07:00,17:00
OR-3,2025-01-07,16:09,17:00,16:09,17:08,Total Hip Arthroplasty,SUR-011,completed,07:00,17:00
OR-4,2025-01-07,07:00,08:42,07:08,09:19,ACL Reconstruction,SUR-007,completed,07:00,17:00
OR-4,2025-01-07,09:39,10:10,09:44,10:17,Tonsillectomy,SUR-003,completed,07:00,17:00
OR-4,2025-01-07,10:49,11:48,10:55,12:13,Hernia Repair,SUR-012,completed,07:00,17:00
OR-4,2025-01-07,12:25,14:31,12:25,14:33,Total Hip Arthroplasty,SUR-003,completed,07:00,17:00
OR-5,2025-01-07,07:00,09:23,07:06,08:51,Total Hip Arthroplasty,SUR-005,completed,07:00,17:00
OR-5,2025-01-07,09:04,11:07,09:13,12:03,Total Knee Arthroplasty,SUR-005,completed,07:00,17:00
OR-5,2025-01-07,12:48,13:19,12:48,13:08,Cataract Surgery,SUR-005,completed,07:00,17:00
OR-5,2025-01-07,13:32,14:22,13:33,14:22,Hernia Repair,SUR-005,completed,07:00,17:00
OR-5,2025-01-07,14:42,15:15,14:46,15:22,Cataract Surgery,SUR-005,completed,07:00,17:00
OR-1,2025-01-08,07:00,08:14,07:05,08:18,Rotator Cuff Repair,SUR-004,completed,07:00,17:00
OR-1,2025-01-08,08:54,09:49,09:03,09:55,Hernia Repair,SUR-004,completed,07:00,17:00
OR-1,2025-01-08,10:07,10:29,,,Carpal Tunnel Release,SUR-004,cancelled,07:00,17:00
OR-1,2025-01-08,10:38,11:19,,,Appendectomy,SUR-004,cancelled,07:00,17:00
OR-2,2025-01-08,07:00,09:27,07:10,09:33,Total Hip Arthroplasty,SUR-002,completed,07:00,17:00
OR-2,2025-01-08,09:54,10:50,10:00,10:53,Laparoscopic Cholecystectomy,SUR-002,completed,07:00,17:00
OR-2,2025-01-08,11:05,11:52,11:10,12:13,Hernia Repair,SUR-002,completed,07:00,17:00
OR-2,2025-01-08,12:36,13:10,12:41,13:26,Tonsillectomy,SUR-002,completed,07:00,17:00
OR-2,2025-01-08,13:49,14:41,13:59,15:01,Hernia Repair,SUR-002,completed,07:00,17:00
OR-2,2025-01-08,15:35,16:25,15:35,16:20,Cesarean Section,SUR-002,completed,07:00,17:00
OR-3,2025-01-08,07:00,07:29,07:06,07:33,Carpal Tunnel Release,SUR-011,completed,07:00,17:00
OR-3,2025-01-08,08:06,08:46,08:06,08:51,Appendectomy,SUR-011,completed,07:00,17:00
OR-3,2025-01-08,09:09,09:43,09:12,09:50,Tonsillectomy,SUR-011,completed,07:00,17:00
OR-3,2025-01-08,10:23,12:24,10:30,11:58,Total Knee Arthroplasty,SUR-011,completed,07:00,17:00
OR-3,2025-01-08,12:19,13:00,12:19,12:58,Appendectomy,SUR-006,completed,07:00,17:00
OR-4,2025-01-08,07:00,07:32,07:00,07:32,Cataract Surgery,SUR-002,completed,07:00,17:00
OR-4,2025-01-08,07:50,08:48,08:00,09:05,Laparoscopic Cholecystectomy,SUR-002,completed,07:00,17:00
OR-4,2025-01-08,09:37,10:11,09:37,10:11,Tonsillectomy,SUR-002,completed,07:00,17:00
OR-4,2025-01-08,10:34,13:37,10:34,13:56,Spinal Fusion,SUR-007,completed,07:00,17:00
OR-5,2025-01-08,07:00,10:45,07:19,10:29,Spinal Fusion,SUR-006,completed,07:00,17:00
OR-5,2025-01-08,10:48,12:13,10:48,12:20,ACL Reconstruction,SUR-006,completed,07:00,17:00
OR-5,2025-01-08,12:51,14:42,12:51,14:05,Total Knee Arthroplasty,SUR-006,completed,07:00,17:00
OR-5,2025-01-08,14:25,16:25,14:25,16:17,Total Hip Arthroplasty,SUR-006,completed,07:00,17:00
OR-5,2025-01-08,16:38,16:58,16:38,17:08,Carpal Tunnel Release,SUR-006,completed,07:00,17:00
OR-1,2025-01-09,07:00,09:00,07:19,10:21,Total Hip Arthroplasty,SUR-008,completed,07:00,17:00
OR-1,2025-01-09,10:33,11:25,10:39,11:48,Hernia Repair,SUR-008,completed,07:00,17:00
OR-1,2025-01-09,12:02,12:55,12:10,13:10,Hernia Repair,SUR-008,completed,07:00,17:00
OR-1,2025-01-09,13:28,14:12,13:28,14:14,Appendectomy,SUR-008,completed,07:00,17:00
OR-2,2025-01-09,07:00,09:02,07:04,09:17,Total Knee Arthroplasty,SUR-007,completed,07:00,17:00
OR-2,2025-01-09,09:47,10:17,09:53,10:24,Cataract Surgery,SUR-004,completed,07:00,17:00
OR-2,2025-01-09,10:46,11:13,10:51,11:20,Cataract Surgery,SUR-004,completed,07:00,17:00
OR-2,2025-01-09,11:58,13:01,12:04,13:04,Hernia Repair,SUR-004,completed,07:00,17:00
OR-2,2025-01-09,13:17,14:07,13:22,14:22,Appendectomy,SUR-004,completed,07:00,17:00
OR-3,2025-01-09,07:00,07:54,07:10,07:53,Cesarean Section,SUR-008,completed,07:00,17:00
OR-3,2025-01-09,08:11,09:07,08:15,09:10,Hernia Repair,SUR-010,completed,07:00,17:00
OR-3,2025-01-09,09:31,11:27,09:35,12:09,Total Knee Arthroplasty,SUR-003,completed,07:00,17:00
OR-4,2025-01-09,07:00,08:37,07:09,08:51,ACL Reconstruction,SUR-002,completed,07:00,17:00
OR-4,2025-01-09,09:10,09:38,09:15,09:53,Tonsillectomy,SUR-002,completed,07:00,17:00
OR-4,2025-01-09,10:03,10:41,10:05,10:44,Tonsillectomy,SUR-002,completed,07:00,17:00
OR-5,2025-01-09,07:00,07:28,07:15,07:46,Cataract Surgery,SUR-010,completed,07:00,17:00
OR-5,2025-01-09,08:21,09:11,08:27,09:34,Appendectomy,SUR-011,completed,07:00,17:00
OR-5,2025-01-09,09:59,10:31,10:01,10:35,Cataract Surgery,SUR-010,completed,07:00,17:00
OR-5,2025-01-09,10:51,13:19,,,Total Hip Arthroplasty,SUR-010,cancelled,07:00,17:00
OR-5,2025-01-09,13:33,15:45,13:44,16:29,Total Hip Arthroplasty,SUR-010,completed,07:00,17:00
OR-1,2025-01-10,07:00,08:36,07:00,08:34,Rotator Cuff Repair,SUR-005,completed,07:00,17:00
OR-1,2025-01-10,08:46,10:11,08:59,10:36,Rotator Cuff Repair,SUR-005,completed,07:00,17:00
OR-1,2025-01-10,10:52,11:41,10:56,11:37,Hernia Repair,SUR-005,completed,07:00,17:00
OR-1,2025-01-10,11:53,13:36,12:03,14:07,ACL Reconstruction,SUR-005,completed,07:00,17:00
OR-2,2025-01-10,07:00,08:43,07:08,08:59,ACL Reconstruction,SUR-009,completed,07:00,17:00
OR-2,2025-01-10,09:33,09:56,09:33,09:59,Cataract Surgery,SUR-009,completed,07:00,17:00
OR-2,2025-01-10,10:09,11:17,10:15,11:37,Laparoscopic Cholecystectomy,SUR-009,completed,07:00,17:00
OR-2,2025-01-10,11:54,12:48,12:04,13:05,Cesarean Section,SUR-009,completed,07:00,17:00
OR-3,2025-01-10,07:00,07:30,07:02,07:32,Cataract Surgery,SUR-005,completed,07:00,17:00
OR-3,2025-01-10,07:52,10:12,08:01,09:59,Total Hip Arthroplasty,SUR-005,completed,07:00,17:00
OR-3,2025-01-10,10:19,12:36,,,Total Knee Arthroplasty,SUR-005,cancelled,07:00,17:00
OR-3,2025-01-10,12:51,13:21,13:00,13:32,Cataract Surgery,SUR-005,completed,07:00,17:00
OR-3,2025-01-10,14:04,14:58,14:13,15:18,Cesarean Section,SUR-002,completed,07:00,17:00
OR-3,2025-01-10,15:58,16:46,15:58,17:07,Cesarean Section,SUR-005,completed,07:00,17:00
OR-4,2025-01-10,07:00,10:01,07:15,09:24,Spinal Fusion,SUR-006,completed,07:00,17:00
OR-4,2025-01-10,09:35,11:15,09:35,11:25,Total Knee Arthroplasty,SUR-006,completed,07:00,17:00
OR-4,2025-01-10,11:51,12:37,11:51,12:20,Appendectomy,SUR-006,completed,07:00,17:00
OR-4,2025-01-10,12:42,13:34,12:48,13:52,Hernia Repair,SUR-006,completed,07:00,17:00
OR-5,2025-01-10,07:00,07:48,07:09,08:01,Appendectomy,SUR-010,completed,07:00,17:00
OR-5,2025-01-10,08:17,09:15,08:22,09:30,Laparoscopic Cholecystectomy,SUR-012,completed,07:00,17:00
OR-5,2025-01-10,09:48,11:22,09:50,11:28,Rotator Cuff Repair,SUR-010,completed,07:00,17:00
OR-5,2025-01-10,11:56,13:16,11:56,13:01,ACL Reconstruction,SUR-010,completed,07:00,17:00
OR-1,2025-01-13,07:00,07:46,07:12,07:56,Cesarean Section,SUR-005,completed,07:00,17:00
OR-1,2025-01-13,08:19,08:46,08:30,08:58,Carpal Tunnel Release,SUR-005,completed,07:00,17:00
OR-1,2025-01-13,09:30,09:55,09:30,09:53,Carpal Tunnel Release,SUR-005,completed,07:00,17:00
OR-1,2025-01-13,10:03,10:44,10:04,10:55,Appendectomy,SUR-005,completed,07:00,17:00
OR-2,2025-01-13,07:00,07:25,07:10,07:30,Cataract Surgery,SUR-007,completed,07:00,17:00
OR-2,2025-01-13,07:55,08:24,07:55,08:29,Cataract Surgery,SUR-007,completed,07:00,17:00
OR-2,2025-01-13,08:46,10:20,08:46,10:14,ACL Reconstruction,SUR-007,completed,07:00,17:00
OR-2,2025-01-13,10:39,12:36,10:44,13:00,Total Knee Arthroplasty,SUR-007,completed,07:00,17:00
OR-2,2025-01-13,13:32,14:29,13:32,14:46,Laparoscopic Cholecystectomy,SUR-007,completed,07:00,17:00
OR-3,2025-01-13,07:00,07:38,07:10,07:47,Tonsillectomy,SUR-001,completed,07:00,17:00
OR-3,2025-01-13,08:11,09:58,08:27,10:19,Rotator Cuff Repair,SUR-001,completed,07:00,17:00
OR-3,2025-01-13,10:42,13:11,10:42,13:28,Total Hip Arthroplasty,SUR-001,completed,07:00,17:00
OR-4,2025-01-13,07:00,07:51,07:02,07:39,Cesarean Section,SUR-005,completed,07:00,17:00
OR-4,2025-01-13,07:49,08:37,07:50,08:37,Hernia Repair,SUR-005,completed,07:00,17:00
OR-4,2025-01-13,09:14,10:09,09:14,10:15,Cesarean Section,SUR-005,completed,07:00,17:00
OR-5,2025-01-13,07:00,07:34,07:09,07:46,Tonsillectomy,SUR-002,completed,07:00,17:00
OR-5,2025-01-13,08:05,09:00,08:05,09:01,Cesarean Section,SUR-002,completed,07:00,17:00
OR-5,2025-01-13,09:43,11:25,09:55,11:45,ACL Reconstruction,SUR-002,completed,07:00,17:00
OR-5,2025-01-13,12:11,12:40,12:13,12:41,Cataract Surgery,SUR-002,completed,07:00,17:00
OR-5,2025-01-13,13:06,14:37,13:13,15:13,ACL Reconstruction,SUR-002,completed,07:00,17:00
OR-1,2025-01-14,07:00,09:54,07:10,09:55,Spinal Fusion,SUR-005,completed,07:00,17:00
OR-1,2025-01-14,10:24,11:00,10:25,10:50,Appendectomy,SUR-003,completed,07:00,17:00
OR-1,2025-01-14,11:00,12:53,11:09,12:54,ACL Reconstruction,SUR-003,completed,07:00,17:00
OR-1,2025-01-14,13:04,14:14,13:04,14:51,ACL Reconstruction,SUR-003,completed,07:00,17:00
OR-2,2025-01-14,07:00,08:34,07:10,08:18,ACL Reconstruction,SUR-012,completed,07:00,17:00
OR-2,2025-01-14,08:37,10:17,08:40,10:37,ACL Reconstruction,SUR-004,completed,07:00,17:00
OR-2,2025-01-14,11:01,12:47,11:01,13:10,ACL Reconstruction,SUR-012,completed,07:00,17:00
OR-2,2025-01-14,13:45,14:39,,,Laparoscopic Cholecystectomy,SUR-012,cancelled,07:00,17:00
OR-3,2025-01-14,07:00,07:24,07:16,07:38,Carpal Tunnel Release,SUR-010,completed,07:00,17:00
OR-3,2025-01-14,08:11,08:56,08:16,09:15,Appendectomy,SUR-010,completed,07:00,17:00
OR-3,2025-01-14,09:34,12:17,09:35,12:41,Spinal Fusion,SUR-010,completed,07:00,17:00
OR-4,2025-01-14,07:00,10:11,07:04,10:55,Spinal Fusion,SUR-001,completed,07:00,17:00
OR-4,2025-01-14,11:05,11:51,11:05,11:45,Cesarean Section,SUR-004,completed,07:00,17:00
OR-4,2025-01-14,12:08,14:20,12:10,14:26,Total Hip Arthroplasty,SUR-001,completed,07:00,17:00
OR-5,2025-01-14,07:00,07:22,07:12,07:36,Carpal Tunnel Release,SUR-011,completed,07:00,17:00
OR-5,2025-01-14,08:01,08:59,08:06,09:27,Hernia Repair,SUR-011,completed,07:00,17:00
OR-5,2025-01-14,09:48,10:12,09:48,10:08,Carpal Tunnel Release,SUR-011,completed,07:00,17:00
OR-5,2025-01-14,10:20,10:42,10:23,10:48,Carpal Tunnel Release,SUR-011,completed,07:00,17:00
OR-5,2025-01-14,11:10,12:42,11:19,13:14,ACL Reconstruction,SUR-011,completed,07:00,17:00
OR-1,2025-01-15,07:00,07:28,07:11,07:40,Cataract Surgery,SUR-008,completed,07:00,17:00
OR-1,2025-01-15,07:50,08:34,07:55,08:33,Appendectomy,SUR-008,completed,07:00,17:00
OR-1,2025-01-15,08:56,09:42,09:08,10:07,Hernia Repair,SUR-008,completed,07:00,17:00
OR-1,2025-01-15,10:26,13:32,10:26,13:10,Spinal Fusion,SUR-008,completed,07:00,17:00
OR-2,2025-01-15,07:00,09:40,07:12,10:49,Spinal Fusion,SUR-002,completed,07:00,17:00
OR-2,2025-01-15,11:01,12:50,11:06,13:30,Total Knee Arthroplasty,SUR-002,completed,07:00,17:00
OR-2,2025-01-15,13:42,14:17,13:56,14:23,Tonsillectomy,SUR-010,completed,07:00,17:00
OR-2,2025-01-15,14:34,17:00,14:34,17:35,Spinal Fusion,SUR-002,completed,07:00,17:00
OR-3,2025-01-15,07:00,09:28,07:11,09:23,Spinal Fusion,SUR-005,completed,07:00,17:00
OR-3,2025-01-15,09:55,10:27,09:55,10:31,Tonsillectomy,SUR-005,completed,07:00,17:00
OR-3,2025-01-15,10:59,11:30,10:59,11:34,Cataract Surgery,SUR-006,completed,07:00,17:00
OR-3,2025-01-15,11:47,13:29,11:47,13:46,ACL Reconstruction,SUR-005,completed,07:00,17:00
OR-3,2025-01-15,14:01,14:53,14:09,15:09,Laparoscopic Cholecystectomy,SUR-005,completed,07:00,17:00
OR-4,2025-01-15,07:00,10:26,07:05,10:32,Spinal Fusion,SUR-010,completed,07:00,17:00
OR-4,2025-01-15,10:56,13:02,11:02,13:00,Total Hip Arthroplasty,SUR-008,completed,07:00,17:00
OR-4,2025-01-15,13:18,14:26,,,Laparoscopic Cholecystectomy,SUR-010,cancelled,07:00,17:00
OR-5,2025-01-15,07:00,08:44,07:23,08:59,Rotator Cuff Repair,SUR-008,completed,07:00,17:00
OR-5,2025-01-15,09:09,12:03,09:11,12:04,Spinal Fusion,SUR-001,completed,07:00,17:00
OR-5,2025-01-15,12:17,13:09,12:24,13:05,Cesarean Section,SUR-008,completed,07:00,17:00
OR-5,2025-01-15,13:32,15:20,13:37,15:28,Rotator Cuff Repair,SUR-011,completed,07:00,17:00
OR-5,2025-01-15,15:48,17:00,15:48,17:10,Total Knee Arthroplasty,SUR-008,completed,07:00,17:00
OR-1,2025-01-16,07:00,07:41,07:06,08:00,Tonsillectomy,SUR-011,completed,07:00,17:00
OR-1,2025-01-16,08:13,10:35,08:18,10:22,Total Hip Arthroplasty,SUR-004,completed,07:00,17:00
OR-1,2025-01-16,10:45,11:41,10:47,11:29,Cesarean Section,SUR-004,completed,07:00,17:00
OR-2,2025-01-16,07:00,07:54,07:05,07:59,Laparoscopic Cholecystectomy,SUR-001,completed,07:00,17:00
OR-2,2025-01-16,08:09,08:34,08:15,08:39,Cataract Surgery,SUR-010,completed,07:00,17:00
OR-2,2025-01-16,08:49,12:03,08:54,11:55,Spinal Fusion,SUR-010,completed,07:00,17:00
OR-3,2025-01-16,07:00,09:26,07:10,10:38,Total Hip Arthroplasty,SUR-002,completed,07:00,17:00
OR-3,2025-01-16,11:03,12:46,11:05,13:07,ACL Reconstruction,SUR-010,completed,07:00,17:00
OR-3,2025-01-16,13:34,15:49,13:34,15:47,Total Knee Arthroplasty,SUR-002,completed,07:00,17:00
OR-3,2025-01-16,16:05,17:00,16:17,17:13,Rotator Cuff Repair,SUR-002,completed,07:00,17:00
OR-4,2025-01-16,07:00,07:25,07:06,07:35,Carpal Tunnel Release,SUR-001,completed,07:00,17:00
OR-4,2025-01-16,07:45,09:16,07:45,08:40,ACL Reconstruction,SUR-001,completed,07:00,17:00
OR-4,2025-01-16,08:54,09:48,08:56,10:04,Laparoscopic Cholecystectomy,SUR-001,completed,07:00,17:00
OR-4,2025-01-16,10:24,11:53,10:27,12:21,ACL Reconstruction,SUR-001,completed,07:00,17:00
OR-4,2025-01-16,12:35,13:24,12:42,13:35,Hernia Repair,SUR-001,completed,07:00,17:00
OR-5,2025-01-16,07:00,08:29,07:12,08:24,Rotator Cuff Repair,SUR-012,completed,07:00,17:00
OR-5,2025-01-16,08:45,10:57,08:45,10:23,Total Hip Arthroplasty,SUR-012,completed,07:00,17:00
OR-5,2025-01-16,10:50,11:14,10:50,11:15,Carpal Tunnel Release,SUR-012,completed,07:00,17:00
OR-5,2025-01-16,11:46,12:55,,,Rotator Cuff Repair,SUR-012,cancelled,07:00,17:00
OR-1,2025-01-17,07:00,08:43,07:09,09:06,Rotator Cuff Repair,SUR-008,completed,07:00,17:00
OR-1,2025-01-17,09:18,09:49,09:24,09:56,Tonsillectomy,SUR-008,completed,07:00,17:00
OR-1,2025-01-17,10:22,12:19,10:27,12:35,Total Knee Arthroplasty,SUR-008,completed,07:00,17:00
OR-1,2025-01-17,13:03,13:51,13:03,13:35,Appendectomy,SUR-008,completed,07:00,17:00
OR-2,2025-01-17,07:00,08:51,07:01,08:15,ACL Reconstruction,SUR-004,completed,07:00,17:00
OR-2,2025-01-17,08:37,10:48,08:51,11:18,Total Knee Arthroplasty,SUR-004,completed,07:00,17:00
OR-2,2025-01-17,11:37,12:22,11:41,12:26,Cesarean Section,SUR-004,completed,07:00,17:00
OR-2,2025-01-17,12:39,14:27,12:53,15:13,Rotator Cuff Repair,SUR-004,completed,07:00,17:00
OR-2,2025-01-17,15:27,17:00,15:34,17:26,Spinal Fusion,SUR-004,completed,07:00,17:00
OR-3,2025-01-17,07:00,07:31,07:12,07:46,Cataract Surgery,SUR-006,completed,07:00,17:00
OR-3,2025-01-17,08:10,08:51,08:14,08:52,Cesarean Section,SUR-009,completed,07:00,17:00
OR-3,2025-01-17,09:03,10:01,09:17,10:33,Cesarean Section,SUR-006,completed,07:00,17:00
OR-3,2025-01-17,10:57,11:25,11:01,11:32,Carpal Tunnel Release,SUR-006,completed,07:00,17:00
OR-3,2025-01-17,11:45,12:42,11:49,12:39,Hernia Repair,SUR-006,completed,07:00,17:00
OR-3,2025-01-17,13:00,13:44,13:14,14:12,Appendectomy,SUR-006,completed,07:00,17:00
OR-4,2025-01-17,07:00,07:51,07:08,07:57,Cesarean Section,SUR-005,completed,07:00,17:00
OR-4,2025-01-17,08:10,10:08,08:10,09:44,Total Knee Arthroplasty,SUR-005,completed,07:00,17:00
OR-4,2025-01-17,10:10,11:12,10:10,11:14,Laparoscopic Cholecystectomy,SUR-005,completed,07:00,17:00
OR-5,2025-01-17,07:00,07:38,07:14,07:52,Tonsillectomy,SUR-002,completed,07:00,17:00
OR-5,2025-01-17,08:07,09:27,08:13,09:40,Rotator Cuff Repair,SUR-008,completed,07:00,17:00
OR-5,2025-01-17,10:12,12:41,10:15,12:19,Total Hip Arthroplasty,SUR-002,completed,07:00,17:00
OR-1,2025-01-20,07:00,08:01,07:06,08:01,Laparoscopic Cholecystectomy,SUR-002,completed,07:00,17:00
OR-1,2025-01-20,08:25,08:53,08:25,08:55,Cataract Surgery,SUR-002,completed,07:00,17:00
OR-1,2025-01-20,09:13,10:09,09:18,10:06,Hernia Repair,SUR-002,completed,07:00,17:00
OR-2,2025-01-20,07:00,08:02,07:01,07:39,Hernia Repair,SUR-010,completed,07:00,17:00
OR-2,2025-01-20,07:49,08:19,07:53,08:23,Cataract Surgery,SUR-010,completed,07:00,17:00
OR-2,2025-01-20,08:54,09:15,09:00,09:28,Cataract Surgery,SUR-012,completed,07:00,17:00
OR-2,2025-01-20,09:40,11:49,09:40,11:39,Total Hip Arthroplasty,SUR-010,completed,07:00,17:00
OR-3,2025-01-20,07:00,08:54,07:19,09:06,ACL Reconstruction,SUR-004,completed,07:00,17:00
OR-3,2025-01-20,09:43,10:38,09:57,10:53,Hernia Repair,SUR-008,completed,07:00,17:00
OR-3,2025-01-20,11:16,12:07,11:39,12:40,Cesarean Section,SUR-004,completed,07:00,17:00
OR-3,2025-01-20,12:56,13:45,12:57,13:46,Appendectomy,SUR-004,completed,07:00,17:00
OR-4,2025-01-20,07:00,08:40,07:09,08:49,ACL Reconstruction,SUR-008,completed,07:00,17:00
OR-4,2025-01-20,09:13,10:57,09:13,11:12,ACL Reconstruction,SUR-008,completed,07:00,17:00
OR-4,2025-01-20,11:26,12:04,11:29,12:10,Appendectomy,SUR-008,completed,07:00,17:00
OR-5,2025-01-20,07:00,07:32,07:00,07:29,Cataract Surgery,SUR-003,completed,07:00,17:00
OR-5,2025-01-20,07:46,08:15,07:51,08:16,Cataract Surgery,SUR-011,completed,07:00,17:00
OR-5,2025-01-20,08:43,09:13,08:43,09:04,Cataract Surgery,SUR-011,completed,07:00,17:00
OR-5,2025-01-20,09:25,09:54,09:28,09:59,Cataract Surgery,SUR-011,completed,07:00,17:00
OR-1,2025-01-21,07:00,07:27,07:01,07:22,Carpal Tunnel Release,SUR-007,completed,07:00,17:00
OR-1,2025-01-21,07:35,08:26,07:46,08:35,Cesarean Section,SUR-009,completed,07:00,17:00
OR-1,2025-01-21,08:45,10:36,08:45,10:31,Total Hip Arthroplasty,SUR-009,completed,07:00,17:00
OR-1,2025-01-21,10:49,11:24,10:51,11:35,Tonsillectomy,SUR-011,completed,07:00,17:00
OR-1,2025-01-21,11:51,12:18,11:57,12:20,Cataract Surgery,SUR-009,completed,07:00,17:00
OR-1,2025-01-21,12:45,13:45,12:48,14:14,Laparoscopic Cholecystectomy,SUR-009,completed,07:00,17:00
OR-2,2025-01-21,07:00,07:42,07:06,07:38,Tonsillectomy,SUR-005,completed,07:00,17:00
OR-2,2025-01-21,08:00,10:00,08:00,10:12,Total Hip Arthroplasty,SUR-005,completed,07:00,17:00
OR-2,2025-01-21,10:38,12:02,10:47,12:34,Rotator Cuff Repair,SUR-005,completed,07:00,17:00
OR-2,2025-01-21,13:07,14:41,13:19,14:29,Rotator Cuff Repair,SUR-005,completed,07:00,17:00
OR-3,2025-01-21,07:00,07:50,,,Hernia Repair,SUR-005,cancelled,07:00,17:00
OR-3,2025-01-21,08:00,10:12,08:15,10:27,Total Hip Arthroplasty,SUR-011,completed,07:00,17:00
OR-3,2025-01-21,10:52,11:45,10:56,11:52,Hernia Repair,SUR-009,completed,07:00,17:00
OR-3,2025-01-21,12:17,12:44,12:30,13:01,Carpal Tunnel Release,SUR-011,completed,07:00,17:00
OR-3,2025-01-21,13:27,14:46,13:30,15:12,Rotator Cuff Repair,SUR-011,completed,07:00,17:00
OR-4,2025-01-21,07:00,07:45,07:13,08:02,Appendectomy,SUR-005,completed,07:00,17:00
OR-4,2025-01-21,08:33,08:58,08:34,09:02,Carpal Tunnel Release,SUR-008,completed,07:00,17:00
OR-4,2025-01-21,09:12,11:16,09:12,10:44,Total Knee Arthroplasty,SUR-008,completed,07:00,17:00
OR-5,2025-01-21,07:00,07:31,07:01,07:28,Cataract Surgery,SUR-004,completed,07:00,17:00
OR-5,2025-01-21,08:00,10:08,08:17,10:29,Total Hip Arthroplasty,SUR-004,completed,07:00,17:00
OR-5,2025-01-21,10:54,13:30,10:58,13:16,Total Hip Arthroplasty,SUR-003,completed,07:00,17:00
OR-5,2025-01-21,13:37,14:01,13:37,14:02,Carpal Tunnel Release,SUR-004,completed,07:00,17:00
OR-1,2025-01-22,07:00,10:16,07:08,10:14,Spinal Fusion,SUR-012,completed,07:00,17:00
OR-1,2025-01-22,10:35,11:21,10:42,11:21,Appendectomy,SUR-004,completed,07:00,17:00
OR-1,2025-01-22,11:34,12:12,11:35,12:06,Tonsillectomy,SUR-012,completed,07:00,17:00
OR-1,2025-01-22,12:31,14:52,12:31,15:10,Total Hip Arthroplasty,SUR-012,completed,07:00,17:00
OR-2,2025-01-22,07:00,07:57,07:11,07:54,Hernia Repair,SUR-012,completed,07:00,17:00
OR-2,2025-01-22,08:18,08:47,08:19,08:53,Cataract Surgery,SUR-007,completed,07:00,17:00
OR-2,2025-01-22,09:26,11:23,09:37,11:39,ACL Reconstruction,SUR-009,completed,07:00,17:00
OR-2,2025-01-22,12:03,12:29,12:07,12:36,Carpal Tunnel Release,SUR-007,completed,07:00,17:00
OR-2,2025-01-22,13:04,13:58,13:04,14:00,Hernia Repair,SUR-007,completed,07:00,17:00
OR-3,2025-01-22,07:00,07:35,07:10,07:49,Tonsillectomy,SUR-004,completed,07:00,17:00
OR-3,2025-01-22,08:08,11:21,,,Spinal Fusion,SUR-004,cancelled,07:00,17:00
OR-3,2025-01-22,11:32,14:57,11:32,14:09,Spinal Fusion,SUR-004,completed,07:00,17:00
OR-3,2025-01-22,14:22,15:51,14:26,15:58,ACL Reconstruction,SUR-004,completed,07:00,17:00
OR-4,2025-01-22,07:00,07:58,07:10,08:11,Hernia Repair,SUR-001,completed,07:00,17:00
OR-4,2025-01-22,08:36,10:59,08:36,10:53,Total Hip Arthroplasty,SUR-001,completed,07:00,17:00
OR-4,2025-01-22,11:03,11:58,11:06,12:15,Hernia Repair,SUR-003,completed,07:00,17:00
OR-4,2025-01-22,12:46,15:49,12:46,16:22,Spinal Fusion,SUR-001,completed,07:00,17:00
OR-5,2025-01-22,07:00,07:29,07:13,07:40,Cataract Surgery,SUR-002,completed,07:00,17:00
OR-5,2025-01-22,08:08,09:54,08:08,10:15,ACL Reconstruction,SUR-002,completed,07:00,17:00
OR-5,2025-01-22,10:42,12:23,10:42,12:13,ACL Reconstruction,SUR-002,completed,07:00,17:00
OR-5,2025-01-22,12:30,14:04,12:30,14:19,Rotator Cuff Repair,SUR-002,completed,07:00,17:00
OR-5,2025-01-22,14:31,14:55,14:35,15:13,Carpal Tunnel Release,SUR-002,completed,07:00,17:00
OR-5,2025-01-22,15:23,16:14,15:27,16:30,Appendectomy,SUR-002,completed,07:00,17:00
OR-1,2025-01-23,07:00,10:08,07:07,11:04,Spinal Fusion,SUR-004,completed,07:00,17:00
OR-1,2025-01-23,11:22,12:17,11:22,12:18,Cesarean Section,SUR-004,completed,07:00,17:00
OR-1,2025-01-23,12:31,13:23,12:43,13:38,Cesarean Section,SUR-006,completed,07:00,17:00
OR-2,2025-01-23,07:00,08:19,07:06,08:02,Rotator Cuff Repair,SUR-009,completed,07:00,17:00
OR-2,2025-01-23,08:16,11:20,08:27,13:10,Spinal Fusion,SUR-001,completed,07:00,17:00
OR-2,2025-01-23,13:27,14:35,13:32,14:42,Laparoscopic Cholecystectomy,SUR-001,completed,07:00,17:00
OR-2,2025-01-23,15:07,17:00,15:11,17:06,Spinal Fusion,SUR-001,completed,07:00,17:00
OR-3,2025-01-23,07:00,07:38,07:11,07:48,Appendectomy,SUR-010,completed,07:00,17:00
OR-3,2025-01-23,08:05,08:35,08:13,08:45,Cataract Surgery,SUR-010,completed,07:00,17:00
OR-3,2025-01-23,09:01,09:29,09:14,09:46,Carpal Tunnel Release,SUR-010,completed,07:00,17:00
OR-3,2025-01-23,10:15,11:22,10:25,11:46,Laparoscopic Cholecystectomy,SUR-010,completed,07:00,17:00
OR-4,2025-01-23,07:00,08:45,07:01,08:59,ACL Reconstruction,SUR-010,completed,07:00,17:00
OR-4,2025-01-23,09:10,09:33,09:21,09:48,Carpal Tunnel Release,SUR-010,completed,07:00,17:00
OR-4,2025-01-23,10:21,13:16,10:21,13:18,Spinal Fusion,SUR-007,completed,07:00,17:00
OR-4,2025-01-23,13:40,14:15,13:50,14:26,Tonsillectomy,SUR-010,completed,07:00,17:00
OR-5,2025-01-23,07:00,08:48,07:10,08:58,Total Knee Arthroplasty,SUR-012,completed,07:00,17:00
OR-5,2025-01-23,09:14,09:43,,,Cataract Surgery,SUR-012,cancelled,07:00,17:00
OR-5,2025-01-23,09:48,10:29,09:51,10:33,Tonsillectomy,SUR-012,completed,07:00,17:00
OR-5,2025-01-23,10:43,11:10,10:45,11:11,Cataract Surgery,SUR-012,completed,07:00,17:00
OR-1,2025-01-24,07:00,08:38,07:15,08:54,ACL Reconstruction,SUR-006,completed,07:00,17:00
OR-1,2025-01-24,09:16,10:05,09:20,10:25,Cesarean Section,SUR-006,completed,07:00,17:00
OR-1,2025-01-24,10:35,11:22,10:35,11:25,Laparoscopic Cholecystectomy,SUR-006,completed,07:00,17:00
OR-1,2025-01-24,11:52,13:36,,,ACL Reconstruction,SUR-006,cancelled,07:00,17:00
OR-2,2025-01-24,07:00,07:55,07:09,08:13,Cesarean Section,SUR-010,completed,07:00,17:00
OR-2,2025-01-24,08:37,10:01,08:45,10:13,Rotator Cuff Repair,SUR-010,completed,07:00,17:00
OR-2,2025-01-24,10:35,11:43,10:35,11:29,Laparoscopic Cholecystectomy,SUR-010,completed,07:00,17:00
OR-2,2025-01-24,11:41,13:07,11:43,12:53,Rotator Cuff Repair,SUR-010,completed,07:00,17:00
OR-2,2025-01-24,13:07,14:01,13:25,14:43,Laparoscopic Cholecystectomy,SUR-010,completed,07:00,17:00
OR-3,2025-01-24,07:00,07:48,07:01,07:32,Cesarean Section,SUR-008,completed,07:00,17:00
OR-3,2025-01-24,07:53,08:15,07:56,08:12,Carpal Tunnel Release,SUR-004,completed,07:00,17:00
OR-3,2025-01-24,08:27,10:08,08:33,10:27,ACL Reconstruction,SUR-008,completed,07:00,17:00
OR-3,2025-01-24,10:38,11:37,10:38,11:49,Hernia Repair,SUR-008,completed,07:00,17:00
OR-4,2025-01-24,07:00,07:47,07:06,07:56,Hernia Repair,SUR-001,completed,07:00,17:00
OR-4,2025-01-24,08:22,09:11,08:35,09:34,Cesarean Section,SUR-001,completed,07:00,17:00
OR-4,2025-01-24,09:53,11:40,10:08,12:39,ACL Reconstruction,SUR-004,completed,07:00,17:00
OR-4,2025-01-24,12:51,13:13,,,Carpal Tunnel Release,SUR-001,cancelled,07:00,17:00
OR-5,2025-01-24,07:00,08:26,07:05,08:37,ACL Reconstruction,SUR-006,completed,07:00,17:00
OR-5,2025-01-24,08:58,09:44,08:58,09:39,Cesarean Section,SUR-006,completed,07:00,17:00
OR-5,2025-01-24,09:53,11:06,,,Laparoscopic Cholecystectomy,SUR-008,cancelled,07:00,17:00
OR-5,2025-01-24,11:12,13:20,11:14,13:17,Total Hip Arthroplasty,SUR-006,completed,07:00,17:00
OR-1,2025-01-27,07:00,08:17,07:00,07:45,Rotator Cuff Repair,SUR-007,completed,07:00,17:00
OR-1,2025-01-27,07:57,08:59,08:00,09:18,Hernia Repair,SUR-007,completed,07:00,17:00
OR-1,2025-01-27,09:43,10:47,09:43,10:56,Laparoscopic Cholecystectomy,SUR-007,completed,07:00,17:00
OR-1,2025-01-27,11:23,11:46,11:30,11:57,Carpal Tunnel Release,SUR-007,completed,07:00,17:00
OR-1,2025-01-27,12:14,12:40,,,Cataract Surgery,SUR-007,cancelled,07:00,17:00
OR-1,2025-01-27,12:52,13:17,12:52,13:20,Carpal Tunnel Release,SUR-007,completed,07:00,17:00
OR-2,2025-01-27,07:00,07:58,07:17,08:28,Hernia Repair,SUR-002,completed,07:00,17:00
OR-2,2025-01-27,08:41,11:01,08:41,11:32,Total Knee Arthroplasty,SUR-002,completed,07:00,17:00
OR-2,2025-01-27,11:54,14:03,11:54,14:06,Total Hip Arthroplasty,SUR-002,completed,07:00,17:00
OR-2,2025-01-27,14:16,16:44,14:29,16:49,Total Hip Arthroplasty,SUR-002,completed,07:00,17:00
OR-3,2025-01-27,07:00,08:51,07:04,09:10,Total Knee Arthroplasty,SUR-010,completed,07:00,17:00
OR-3,2025-01-27,09:31,10:41,09:32,10:56,Laparoscopic Cholecystectomy,SUR-010,completed,07:00,17:00
OR-3,2025-01-27,11:18,12:17,11:19,12:21,Hernia Repair,SUR-010,completed,07:00,17:00
OR-4,2025-01-27,07:00,07:54,07:11,08:12,Laparoscopic Cholecystectomy,SUR-004,completed,07:00,17:00
OR-4,2025-01-27,08:38,09:12,08:50,09:23,Cataract Surgery,SUR-003,completed,07:00,17:00
OR-4,2025-01-27,09:47,10:38,09:51,10:39,Hernia Repair,SUR-004,completed,07:00,17:00
OR-4,2025-01-27,11:13,12:56,11:15,13:30,ACL Reconstruction,SUR-006,completed,07:00,17:00
OR-4,2025-01-27,13:40,14:15,13:48,14:28,Appendectomy,SUR-005,completed,07:00,17:00
OR-5,2025-01-27,07:00,07:43,07:07,08:06,Cesarean Section,SUR-002,completed,07:00,17:00
OR-5,2025-01-27,08:34,08:59,08:35,08:59,Carpal Tunnel Release,SUR-001,completed,07:00,17:00
OR-5,2025-01-27,09:09,09:44,09:18,09:45,Tonsillectomy,SUR-001,completed,07:00,17:00
OR-5,2025-01-27,10:01,10:31,,,Tonsillectomy,SUR-001,cancelled,07:00,17:00
OR-1,2025-01-28,07:00,07:20,07:11,07:34,Carpal Tunnel Release,SUR-008,completed,07:00,17:00
OR-1,2025-01-28,07:53,10:08,07:53,10:42,Spinal Fusion,SUR-012,completed,07:00,17:00
OR-1,2025-01-28,10:52,11:16,10:52,11:20,Carpal Tunnel Release,SUR-010,completed,07:00,17:00
OR-1,2025-01-28,11:36,12:38,11:43,13:11,Laparoscopic Cholecystectomy,SUR-009,completed,07:00,17:00
OR-2,2025-01-28,07:00,10:06,07:00,10:45,Spinal Fusion,SUR-011,completed,07:00,17:00
OR-2,2025-01-28,11:00,11:23,11:03,11:21,Carpal Tunnel Release,SUR-011,completed,07:00,17:00
OR-2,2025-01-28,11:44,12:38,11:49,12:31,Cesarean Section,SUR-011,completed,07:00,17:00
OR-2,2025-01-28,12:52,13:51,12:52,13:44,Hernia Repair,SUR-011,completed,07:00,17:00
OR-2,2025-01-28,14:13,14:38,14:19,14:55,Carpal Tunnel Release,SUR-011,completed,07:00,17:00
OR-3,2025-01-28,07:00,10:11,07:24,10:27,Spinal Fusion,SUR-008,completed,07:00,17:00
OR-3,2025-01-28,10:42,12:15,10:48,12:15,Rotator Cuff Repair,SUR-008,completed,07:00,17:00
OR-3,2025-01-28,12:28,13:41,12:33,13:41,Laparoscopic Cholecystectomy,SUR-008,completed,07:00,17:00
OR-3,2025-01-28,14:10,16:23,14:12,16:50,Total Hip Arthroplasty,SUR-002,completed,07:00,17:00
OR-4,2025-01-28,07:00,08:02,07:19,08:26,Laparoscopic Cholecystectomy,SUR-012,completed,07:00,17:00
OR-4,2025-01-28,08:44,09:36,08:45,09:36,Hernia Repair,SUR-012,completed,07:00,17:00
OR-4,2025-01-28,09:54,13:10,09:54,13:52,Spinal Fusion,SUR-012,completed,07:00,17:00
OR-4,2025-01-28,14:10,17:00,14:10,17:55,Spinal Fusion,SUR-012,completed,07:00,17:00
OR-5,2025-01-28,07:00,08:38,07:00,08:52,Rotator Cuff Repair,SUR-005,completed,07:00,17:00
OR-5,2025-01-28,09:17,10:07,09:20,10:15,Laparoscopic Cholecystectomy,SUR-005,completed,07:00,17:00
OR-5,2025-01-28,10:41,12:58,10:46,13:48,Total Hip Arthroplasty,SUR-005,completed,07:00,17:00
OR-5,2025-01-28,14:19,15:55,14:21,16:02,Total Hip Arthroplasty,SUR-005,completed,07:00,17:00
OR-1,2025-01-29,07:00,07:35,07:15,07:43,Tonsillectomy,SUR-007,completed,07:00,17:00
OR-1,2025-01-29,08:07,08:34,,,Cataract Surgery,SUR-007,cancelled,07:00,17:00
OR-1,2025-01-29,08:43,10:08,08:49,09:51,Rotator Cuff Repair,SUR-007,completed,07:00,17:00
OR-2,2025-01-29,07:00,09:23,07:06,09:44,Total Hip Arthroplasty,SUR-003,completed,07:00,17:00
OR-2,2025-01-29,09:54,12:08,09:56,12:09,Total Knee Arthroplasty,SUR-003,completed,07:00,17:00
OR-2,2025-01-29,12:27,15:16,12:35,15:42,Spinal Fusion,SUR-003,completed,07:00,17:00
OR-2,2025-01-29,16:09,17:00,16:16,17:07,Rotator Cuff Repair,SUR-003,completed,07:00,17:00
OR-3,2025-01-29,07:00,08:41,07:15,09:21,Total Knee Arthroplasty,SUR-010,completed,07:00,17:00
OR-3,2025-01-29,09:36,12:02,09:45,12:41,Total Knee Arthroplasty,SUR-010,completed,07:00,17:00
OR-3,2025-01-29,13:03,14:40,13:05,14:55,ACL Reconstruction,SUR-010,completed,07:00,17:00
OR-4,2025-01-29,07:00,07:45,07:02,07:54,Appendectomy,SUR-007,completed,07:00,17:00
OR-4,2025-01-29,08:23,10:46,08:31,10:51,Total Hip Arthroplasty,SUR-007,completed,07:00,17:00
OR-4,2025-01-29,11:05,11:27,11:05,11:29,Carpal Tunnel Release,SUR-007,completed,07:00,17:00
OR-4,2025-01-29,11:50,12:33,11:50,12:27,Appendectomy,SUR-007,completed,07:00,17:00
OR-5,2025-01-29,07:00,07:28,07:10,07:31,Cataract Surgery,SUR-001,completed,07:00,17:00
OR-5,2025-01-29,08:04,08:33,08:09,08:51,Cataract Surgery,SUR-008,completed,07:00,17:00
OR-5,2025-01-29,09:25,10:13,09:25,10:13,Cesarean Section,SUR-009,completed,07:00,17:00
OR-5,2025-01-29,10:39,11:28,10:40,11:46,Cesarean Section,SUR-001,completed,07:00,17:00
OR-1,2025-01-30,07:00,09:46,07:08,10:47,Total Hip Arthroplasty,SUR-011,completed,07:00,17:00
OR-1,2025-01-30,11:11,14:28,,,Spinal Fusion,SUR-011,cancelled,07:00,17:00
OR-1,2025-01-30,14:38,15:14,14:47,15:26,Tonsillectomy,SUR-011,completed,07:00,17:00
OR-1,2025-01-30,15:37,17:00,15:37,16:41,ACL Reconstruction,SUR-001,completed,07:00,17:00
OR-2,2025-01-30,07:00,07:38,07:07,07:30,Tonsillectomy,SUR-006,completed,07:00,17:00
OR-2,2025-01-30,07:50,09:18,08:06,09:14,Rotator Cuff Repair,SUR-006,completed,07:00,17:00
OR-2,2025-01-30,09:32,10:24,09:38,10:39,Appendectomy,SUR-006,completed,07:00,17:00
OR-2,2025-01-30,11:01,13:20,11:09,13:20,Total Hip Arthroplasty,SUR-006,completed,07:00,17:00
OR-3,2025-01-30,07:00,08:17,07:09,08:29,Rotator Cuff Repair,SUR-011,completed,07:00,17:00
OR-3,2025-01-30,08:46,11:00,08:46,10:38,Total Hip Arthroplasty,SUR-006,completed,07:00,17:00
OR-3,2025-01-30,10:57,12:17,11:02,12:11,Rotator Cuff Repair,SUR-006,completed,07:00,17:00
OR-3,2025-01-30,12:38,14:06,12:38,14:04,ACL Reconstruction,SUR-006,completed,07:00,17:00
OR-4,2025-01-30,07:00,07:46,07:06,07:56,Appendectomy,SUR-003,completed,07:00,17:00
OR-4,2025-01-30,08:06,09:45,08:21,10:06,ACL Reconstruction,SUR-003,completed,07:00,17:00
OR-4,2025-01-30,10:28,12:13,10:37,11:50,ACL Reconstruction,SUR-003,completed,07:00,17:00
OR-4,2025-01-30,12:00,12:35,12:00,12:46,Tonsillectomy,SUR-003,completed,07:00,17:00
OR-5,2025-01-30,07:00,08:20,07:00,07:40,ACL Reconstruction,SUR-010,completed,07:00,17:00
OR-5,2025-01-30,08:00,08:24,08:01,08:30,Carpal Tunnel Release,SUR-010,completed,07:00,17:00
OR-5,2025-01-30,09:01,09:30,09:01,09:34,Cataract Surgery,SUR-010,completed,07:00,17:00
OR-5,2025-01-30,10:00,12:19,10:09,12:12,Total Hip Arthroplasty,SUR-010,completed,07:00,17:00
OR-5,2025-01-30,12:50,14:38,12:58,14:26,Total Knee Arthroplasty,SUR-010,completed,07:00,17:00
OR-1,2025-01-31,07:00,07:40,07:06,07:52,Tonsillectomy,SUR-011,completed,07:00,17:00
OR-1,2025-01-31,08:15,08:49,08:27,09:00,Tonsillectomy,SUR-011,completed,07:00,17:00
OR-1,2025-01-31,09:10,11:00,09:17,11:21,Total Knee Arthroplasty,SUR-011,completed,07:00,17:00
OR-2,2025-01-31,07:00,08:23,07:04,08:22,Rotator Cuff Repair,SUR-011,completed,07:00,17:00
OR-2,2025-01-31,08:32,10:24,08:32,10:42,Total Knee Arthroplasty,SUR-011,completed,07:00,17:00
OR-2,2025-01-31,11:10,12:38,11:11,12:47,Rotator Cuff Repair,SUR-011,completed,07:00,17:00
OR-2,2025-01-31,13:02,13:55,,,Laparoscopic Cholecystectomy,SUR-011,cancelled,07:00,17:00
OR-3,2025-01-31,07:00,08:19,07:08,08:38,Rotator Cuff Repair,SUR-009,completed,07:00,17:00
OR-3,2025-01-31,08:48,11:48,08:50,12:07,Spinal Fusion,SUR-009,completed,07:00,17:00
OR-3,2025-01-31,12:28,14:10,12:28,14:16,Total Knee Arthroplasty,SUR-009,completed,07:00,17:00
OR-3,2025-01-31,14:46,16:31,14:52,17:09,Total Hip Arthroplasty,SUR-009,completed,07:00,17:00
OR-4,2025-01-31,07:00,07:31,07:03,07:34,Cataract Surgery,SUR-007,completed,07:00,17:00
OR-4,2025-01-31,07:44,08:10,07:53,08:15,Tonsillectomy,SUR-007,completed,07:00,17:00
OR-4,2025-01-31,08:33,09:03,08:33,09:03,Tonsillectomy,SUR-007,completed,07:00,17:00
OR-4,2025-01-31,09:19,09:50,09:25,10:01,Cataract Surgery,SUR-007,completed,07:00,17:00
OR-5,2025-01-31,07:00,07:40,07:01,07:41,Tonsillectomy,SUR-009,completed,07:00,17:00
OR-5,2025-01-31,08:12,11:34,08:12,11:28,Spinal Fusion,SUR-007,completed,07:00,17:00
OR-5,2025-01-31,12:00,13:03,12:05,13:09,Laparoscopic Cholecystectomy,SUR-007,completed,07:00,17:00
OR-5,2025-01-31,13:27,14:18,13:29,14:24,Cesarean Section,SUR-007,completed,07:00,17:00
OR-1,2025-02-03,07:00,07:51,07:11,08:28,Hernia Repair,SUR-002,completed,07:00,17:00
OR-1,2025-02-03,08:38,09:39,08:38,09:47,Laparoscopic Cholecystectomy,SUR-002,completed,07:00,17:00
OR-1,2025-02-03,10:09,10:35,10:20,10:48,Carpal Tunnel Release,SUR-002,completed,07:00,17:00
OR-1,2025-02-03,11:19,12:04,11:32,12:24,Laparoscopic Cholecystectomy,SUR-002,completed,07:00,17:00
OR-1,2025-02-03,12:54,14:52,12:54,15:09,Total Hip Arthroplasty,SUR-002,completed,07:00,17:00
OR-2,2025-02-03,07:00,08:42,07:14,08:24,ACL Reconstruction,SUR-012,completed,07:00,17:00
OR-2,2025-02-03,08:53,09:53,08:55,09:41,Laparoscopic Cholecystectomy,SUR-012,completed,07:00,17:00
OR-2,2025-02-03,10:07,10:52,10:14,10:50,Laparoscopic Cholecystectomy,SUR-012,completed,07:00,17:00
OR-3,2025-02-03,07:00,08:58,07:15,09:09,Total Knee Arthroplasty,SUR-003,completed,07:00,17:00
OR-3,2025-02-03,09:25,10:07,09:36,10:23,Appendectomy,SUR-003,completed,07:00,17:00
OR-3,2025-02-03,10:41,11:29,10:41,11:35,Cesarean Section,SUR-003,completed,07:00,17:00
OR-3,2025-02-03,11:45,12:33,11:49,13:02,Appendectomy,SUR-003,completed,07:00,17:00
OR-3,2025-02-03,13:15,13:39,13:29,14:01,Carpal Tunnel Release,SUR-003,completed,07:00,17:00
OR-3,2025-02-03,14:17,15:59,14:21,16:23,ACL Reconstruction,SUR-003,completed,07:00,17:00
OR-4,2025-02-03,07:00,09:58,07:00,10:02,Spinal Fusion,SUR-008,completed,07:00,17:00
OR-4,2025-02-03,10:27,11:25,10:27,11:37,Laparoscopic Cholecystectomy,SUR-008,completed,07:00,17:00
OR-4,2025-02-03,12:01,12:56,12:03,12:46,Laparoscopic Cholecystectomy,SUR-008,completed,07:00,17:00
OR-4,2025-02-03,12:59,14:24,13:10,14:33,Rotator Cuff Repair,SUR-009,completed,07:00,17:00
OR-5,2025-02-03,07:00,09:07,07:09,09:13,Total Hip Arthroplasty,SUR-002,completed,07:00,17:00
OR-5,2025-02-03,09:41,10:33,09:41,10:21,Hernia Repair,SUR-002,completed,07:00,17:00
OR-5,2025-02-03,10:38,11:17,10:44,11:22,Appendectomy,SUR-002,completed,07:00,17:00
OR-5,2025-02-03,12:02,13:41,12:07,13:35,Total Knee Arthroplasty,SUR-002,completed,07:00,17:00
OR-1,2025-02-04,07:00,10:02,07:00,10:09,Spinal Fusion,SUR-006,completed,07:00,17:00
OR-1,2025-02-04,10:46,12:40,10:51,13:10,Total Knee Arthroplasty,SUR-012,completed,07:00,17:00
OR-1,2025-02-04,13:30,15:04,13:30,15:20,ACL Reconstruction,SUR-001,completed,07:00,17:00
OR-1,2025-02-04,15:41,16:07,15:45,16:11,Cataract Surgery,SUR-006,completed,07:00,17:00
OR-2,2025-02-04,07:00,07:26,07:00,07:30,Carpal Tunnel Release,SUR-003,completed,07:00,17:00
OR-2,2025-02-04,07:40,09:32,07:55,10:13,Total Knee Arthroplasty,SUR-003,completed,07:00,17:00
OR-2,2025-02-04,10:35,11:24,10:35,11:28,Hernia Repair,SUR-003,completed,07:00,17:00
OR-2,2025-02-04,11:50,14:48,11:53,15:00,Spinal Fusion,SUR-003,completed,07:00,17:00
OR-2,2025-02-04,15:10,15:38,15:19,15:43,Cataract Surgery,SUR-003,completed,07:00,17:00
OR-2,2025-02-04,16:03,17:00,16:07,17:09,ACL Reconstruction,SUR-003,completed,07:00,17:00
OR-3,2025-02-04,07:00,07:36,07:00,07:40,Tonsillectomy,SUR-002,completed,07:00,17:00
OR-3,2025-02-04,07:55,08:27,08:00,08:31,Tonsillectomy,SUR-007,completed,07:00,17:00
OR-3,2025-02-04,09:00,10:50,09:00,10:43,Total Knee Arthroplasty,SUR-002,completed,07:00,17:00
OR-3,2025-02-04,11:00,14:19,11:07,15:45,Spinal Fusion,SUR-002,completed,07:00,17:00
OR-3,2025-02-04,16:25,17:00,16:29,17:01,Hernia Repair,SUR-009,completed,07:00,17:00
OR-4,2025-02-04,07:00,09:48,07:01,09:17,Spinal Fusion,SUR-007,completed,07:00,17:00
OR-4,2025-02-04,09:37,10:56,09:46,10:54,Rotator Cuff Repair,SUR-002,completed,07:00,17:00
OR-4,2025-02-04,11:38,13:03,11:42,12:52,Rotator Cuff Repair,SUR-009,completed,07:00,17:00
OR-5,2025-02-04,07:00,08:06,,,Laparoscopic Cholecystectomy,SUR-002,cancelled,07:00,17:00
OR-5,2025-02-04,08:21,09:22,08:21,09:39,Laparoscopic Cholecystectomy,SUR-002,completed,07:00,17:00
OR-5,2025-02-04,10:07,10:57,10:07,10:51,Cesarean Section,SUR-002,completed,07:00,17:00
OR-5,2025-02-04,11:18,12:25,11:28,12:22,Laparoscopic Cholecystectomy,SUR-002,completed,07:00,17:00
OR-5,2025-02-04,12:46,13:13,,,Carpal Tunnel Release,SUR-002,cancelled,07:00,17:00
OR-1,2025-02-05,07:00,07:30,07:06,07:26,Cataract Surgery,SUR-001,completed,07:00,17:00
OR-1,2025-02-05,07:45,08:38,07:48,08:37,Hernia Repair,SUR-011,completed,07:00,17:00
OR-1,2025-02-05,08:55,09:39,09:01,09:45,Appendectomy,SUR-001,completed,07:00,17:00
OR-1,2025-02-05,10:03,12:04,10:03,12:25,Total Knee Arthroplasty,SUR-001,completed,07:00,17:00
OR-1,2025-02-05,12:46,15:01,12:55,14:39,Total Hip Arthroplasty,SUR-001,completed,07:00,17:00
OR-2,2025-02-05,07:00,10:04,07:07,10:17,Spinal Fusion,SUR-007,completed,07:00,17:00
OR-2,2025-02-05,10:35,11:28,10:44,11:43,Cesarean Section,SUR-007,completed,07:00,17:00
OR-2,2025-02-05,12:02,12:45,12:10,13:05,Hernia Repair,SUR-007,completed,07:00,17:00
OR-2,2025-02-05,13:32,15:35,13:40,16:13,Total Hip Arthroplasty,SUR-007,completed,07:00,17:00
OR-3,2025-02-05,07:00,08:22,07:06,08:39,Rotator Cuff Repair,SUR-003,completed,07:00,17:00
OR-3,2025-02-05,09:01,09:27,09:07,09:36,Cataract Surgery,SUR-003,completed,07:00,17:00
OR-3,2025-02-05,09:58,13:01,10:00,14:03,Spinal Fusion,SUR-003,completed,07:00,17:00
OR-3,2025-02-05,14:17,14:40,,,Carpal Tunnel Release,SUR-003,cancelled,07:00,17:00
OR-4,2025-02-05,07:00,07:25,07:00,07:15,Cataract Surgery,SUR-010,completed,07:00,17:00
OR-4,2025-02-05,07:37,09:23,07:38,09:40,Total Knee Arthroplasty,SUR-010,completed,07:00,17:00
OR-4,2025-02-05,09:56,11:28,09:58,11:46,Rotator Cuff Repair,SUR-010,completed,07:00,17:00
OR-4,2025-02-05,12:11,13:06,12:13,13:24,Laparoscopic Cholecystectomy,SUR-010,completed,07:00,17:00
OR-4,2025-02-05,13:49,15:15,13:56,15:16,ACL Reconstruction,SUR-002,completed,07:00,17:00
OR-5,2025-02-05,07:00,08:39,07:09,08:51,Rotator Cuff Repair,SUR-004,completed,07:00,17:00
OR-5,2025-02-05,09:11,09:48,09:12,09:52,Tonsillectomy,SUR-004,completed,07:00,17:00
OR-5,2025-02-05,10:20,11:44,10:20,11:31,Rotator Cuff Repair,SUR-004,completed,07:00,17:00
OR-5,2025-02-05,11:44,12:12,11:52,12:32,Tonsillectomy,SUR-004,completed,07:00,17:00
OR-5,2025-02-05,13:05,14:20,13:13,14:56,Rotator Cuff Repair,SUR-004,completed,07:00,17:00
OR-1,2025-02-06,07:00,07:50,07:00,07:52,Cesarean Section,SUR-002,completed,07:00,17:00
OR-1,2025-02-06,08:05,09:01,08:05,09:08,Hernia Repair,SUR-002,completed,07:00,17:00
OR-1,2025-02-06,09:38,10:24,09:38,10:08,Cesarean Section,SUR-002,completed,07:00,17:00
OR-2,2025-02-06,07:00,07:42,07:00,07:45,Appendectomy,SUR-005,completed,07:00,17:00
OR-2,2025-02-06,08:03,08:25,08:03,08:30,Carpal Tunnel Release,SUR-005,completed,07:00,17:00
OR-2,2025-02-06,08:56,11:09,09:03,10:56,Total Hip Arthroplasty,SUR-005,completed,07:00,17:00
OR-2,2025-02-06,11:18,12:49,11:19,13:05,Rotator Cuff Repair,SUR-005,completed,07:00,17:00
OR-2,2025-02-06,13:20,14:17,13:27,14:01,Hernia Repair,SUR-005,completed,07:00,17:00
OR-2,2025-02-06,14:32,15:13,14:32,15:27,Laparoscopic Cholecystectomy,SUR-005,completed,07:00,17:00
OR-3,2025-02-06,07:00,08:16,07:01,08:31,Rotator Cuff Repair,SUR-004,completed,07:00,17:00
OR-3,2025-02-06,08:41,09:47,08:44,09:38,Laparoscopic Cholecystectomy,SUR-011,completed,07:00,17:00
OR-3,2025-02-06,09:55,11:15,10:04,11:39,Rotator Cuff Repair,SUR-011,completed,07:00,17:00
OR-3,2025-02-06,11:49,12:41,11:49,12:57,Hernia Repair,SUR-011,completed,07:00,17:00
OR-4,2025-02-06,07:00,10:28,07:07,09:52,Spinal Fusion,SUR-002,completed,07:00,17:00
OR-4,2025-02-06,10:08,10:58,10:08,11:00,Hernia Repair,SUR-002,completed,07:00,17:00
OR-4,2025-02-06,11:12,11:39,11:13,11:33,Tonsillectomy,SUR-002,completed,07:00,17:00
OR-4,2025-02-06,11:48,13:18,11:48,13:58,ACL Reconstruction,SUR-002,completed,07:00,17:00
OR-5,2025-02-06,07:00,08:01,07:00,07:53,Laparoscopic Cholecystectomy,SUR-009,completed,07:00,17:00
OR-5,2025-02-06,08:16,09:45,08:25,09:37,ACL Reconstruction,SUR-009,completed,07:00,17:00
OR-5,2025-02-06,09:56,10:52,10:00,10:53,Laparoscopic Cholecystectomy,SUR-009,completed,07:00,17:00
OR-5,2025-02-06,11:12,13:09,11:12,13:29,Total Knee Arthroplasty,SUR-009,completed,07:00,17:00
OR-5,2025-02-06,13:52,14:21,13:53,14:30,Cataract Surgery,SUR-009,completed,07:00,17:00
OR-1,2025-02-07,07:00,08:27,07:08,09:02,Rotator Cuff Repair,SUR-012,completed,07:00,17:00
OR-1,2025-02-07,09:13,09:45,09:13,09:47,Cataract Surgery,SUR-012,completed,07:00,17:00
OR-1,2025-02-07,10:21,12:05,10:26,12:05,ACL Reconstruction,SUR-012,completed,07:00,17:00
OR-1,2025-02-07,12:27,14:04,12:27,14:07,ACL Reconstruction,SUR-012,completed,07:00,17:00
OR-2,2025-02-07,07:00,07:32,07:03,07:27,Tonsillectomy,SUR-009,completed,07:00,17:00
OR-2,2025-02-07,07:52,09:37,07:57,10:03,ACL Reconstruction,SUR-009,completed,07:00,17:00
OR-2,2025-02-07,10:25,11:58,10:30,12:07,Rotator Cuff Repair,SUR-009,completed,07:00,17:00
OR-2,2025-02-07,12:24,14:50,12:25,14:46,Total Knee Arthroplasty,SUR-009,completed,07:00,17:00
OR-3,2025-02-07,07:00,08:42,07:00,09:02,ACL Reconstruction,SUR-010,completed,07:00,17:00
OR-3,2025-02-07,09:23,09:54,09:34,10:09,Tonsillectomy,SUR-010,completed,07:00,17:00
OR-3,2025-02-07,10:20,12:17,10:27,12:31,ACL Reconstruction,SUR-010,completed,07:00,17:00
OR-3,2025-02-07,13:05,13:35,13:08,13:37,Cataract Surgery,SUR-010,completed,07:00,17:00
OR-4,2025-02-07,07:00,07:31,07:08,07:34,Cataract Surgery,SUR-011,completed,07:00,17:00
OR-4,2025-02-07,07:57,08:56,07:57,08:42,Laparoscopic Cholecystectomy,SUR-011,completed,07:00,17:00
OR-4,2025-02-07,09:08,09:41,09:13,09:45,Appendectomy,SUR-012,completed,07:00,17:00
OR-4,2025-02-07,10:17,11:42,10:24,11:51,Rotator Cuff Repair,SUR-011,completed,07:00,17:00
OR-4,2025-02-07,12:13,15:26,12:14,16:25,Spinal Fusion,SUR-011,completed,07:00,17:00
OR-5,2025-02-07,07:00,08:32,07:13,08:56,Rotator Cuff Repair,SUR-008,completed,07:00,17:00
OR-5,2025-02-07,09:33,10:14,09:33,10:07,Appendectomy,SUR-007,completed,07:00,17:00
OR-5,2025-02-07,10:34,11:10,10:38,11:09,Tonsillectomy,SUR-009,completed,07:00,17:00
OR-1,2025-02-10,07:00,07:30,07:14,08:00,Tonsillectomy,SUR-003,completed,07:00,17:00
OR-1,2025-02-10,08:24,09:27,08:25,09:09,Laparoscopic Cholecystectomy,SUR-003,completed,07:00,17:00
OR-1,2025-02-10,09:26,09:48,09:26,09:56,Carpal Tunnel Release,SUR-003,completed,07:00,17:00
OR-1,2025-02-10,10:20,12:40,10:22,12:50,Total Hip Arthroplasty,SUR-003,completed,07:00,17:00
OR-1,2025-02-10,13:19,14:03,13:26,14:13,Appendectomy,SUR-003,completed,07:00,17:00
OR-2,2025-02-10,07:00,07:21,07:00,07:20,Carpal Tunnel Release,SUR-001,completed,07:00,17:00
OR-2,2025-02-10,07:42,09:09,07:45,09:16,ACL Reconstruction,SUR-001,completed,07:00,17:00
OR-2,2025-02-10,09:26,11:28,09:32,11:50,Total Hip Arthroplasty,SUR-001,completed,07:00,17:00
OR-2,2025-02-10,12:02,12:52,12:12,13:13,Cesarean Section,SUR-001,completed,07:00,17:00
OR-3,2025-02-10,07:00,08:54,07:04,09:07,Total Knee Arthroplasty,SUR-001,completed,07:00,17:00
OR-3,2025-02-10,09:30,10:28,09:34,10:43,Hernia Repair,SUR-001,completed,07:00,17:00
OR-3,2025-02-10,11:05,11:31,11:14,11:38,Carpal Tunnel Release,SUR-001,completed,07:00,17:00
OR-3,2025-02-10,11:48,12:28,11:53,12:24,Tonsillectomy,SUR-002,completed,07:00,17:00
OR-3,2025-02-10,12:40,15:53,12:42,16:00,Spinal Fusion,SUR-001,completed,07:00,17:00
OR-4,2025-02-10,07:00,07:53,07:03,07:58,Laparoscopic Cholecystectomy,SUR-009,completed,07:00,17:00
OR-4,2025-02-10,08:23,09:20,,,Hernia Repair,SUR-012,cancelled,07:00,17:00
OR-4,2025-02-10,09:30,09:56,09:32,10:00,Carpal Tunnel Release,SUR-009,completed,07:00,17:00
OR-4,2025-02-10,10:22,11:23,10:30,11:43,Laparoscopic Cholecystectomy,SUR-009,completed,07:00,17:00
OR-4,2025-02-10,12:05,13:00,12:09,13:10,Laparoscopic Cholecystectomy,SUR-009,completed,07:00,17:00
OR-5,2025-02-10,07:00,08:07,07:04,08:16,Hernia Repair,SUR-005,completed,07:00,17:00
OR-5,2025-02-10,08:46,09:36,09:04,09:52,Cesarean Section,SUR-005,completed,07:00,17:00
OR-5,2025-02-10,10:16,12:06,10:17,12:19,Total Knee Arthroplasty,SUR-005,completed,07:00,17:00
OR-5,2025-02-10,12:47,15:52,12:58,16:17,Spinal Fusion,SUR-005,completed,07:00,17:00
OR-5,2025-02-10,16:36,17:00,16:42,17:06,Cesarean Section,SUR-005,completed,07:00,17:00
OR-1,2025-02-11,07:00,07:27,07:13,07:38,Cataract Surgery,SUR-010,completed,07:00,17:00
OR-1,2025-02-11,08:01,08:35,08:09,08:39,Tonsillectomy,SUR-010,completed,07:00,17:00
OR-1,2025-02-11,08:52,09:27,08:59,09:38,Tonsillectomy,SUR-010,completed,07:00,17:00
OR-1,2025-02-11,09:53,10:46,09:53,10:45,Cesarean Section,SUR-010,completed,07:00,17:00
OR-1,2025-02-11,10:59,12:06,11:06,12:29,Laparoscopic Cholecystectomy,SUR-010,completed,07:00,17:00
OR-1,2025-02-11,13:00,13:44,13:00,13:44,Tonsillectomy,SUR-001,completed,07:00,17:00
OR-2,2025-02-11,07:00,09:44,07:01,09:36,Spinal Fusion,SUR-008,completed,07:00,17:00
OR-2,2025-02-11,09:48,12:54,09:52,13:19,Spinal Fusion,SUR-008,completed,07:00,17:00
OR-2,2025-02-11,13:45,14:11,13:46,14:24,Carpal Tunnel Release,SUR-008,completed,07:00,17:00
OR-2,2025-02-11,14:47,16:24,14:47,16:02,Total Knee Arthroplasty,SUR-008,completed,07:00,17:00
OR-2,2025-02-11,16:24,17:00,16:25,17:18,Hernia Repair,SUR-008,completed,07:00,17:00
OR-3,2025-02-11,07:00,08:36,07:02,08:21,Rotator Cuff Repair,SUR-009,completed,07:00,17:00
OR-3,2025-02-11,08:43,09:38,08:43,09:37,Hernia Repair,SUR-009,completed,07:00,17:00
OR-3,2025-02-11,09:59,10:47,09:59,10:45,Cesarean Section,SUR-009,completed,07:00,17:00
OR-3,2025-02-11,11:05,11:35,11:12,11:51,Cataract Surgery,SUR-009,completed,07:00,17:00
OR-3,2025-02-11,12:10,12:52,12:16,13:08,Appendectomy,SUR-009,completed,07:00,17:00
OR-4,2025-02-11,07:00,07:53,07:13,08:19,Cesarean Section,SUR-005,completed,07:00,17:00
OR-4,2025-02-11,08:55,10:17,08:59,10:23,Rotator Cuff Repair,SUR-005,completed,07:00,17:00
OR-4,2025-02-11,10:44,11:30,10:44,11:33,Cesarean Section,SUR-011,completed,07:00,17:00
OR-4,2025-02-11,11:48,12:43,11:48,12:37,Hernia Repair,SUR-005,completed,07:00,17:00
OR-5,2025-02-11,07:00,07:30,,,Cataract Surgery,SUR-006,cancelled,07:00,17:00
OR-5,2025-02-11,07:36,09:08,07:42,08:59,Rotator Cuff Repair,SUR-006,completed,07:00,17:00
OR-5,2025-02-11,09:10,10:07,09:10,09:59,Cesarean Section,SUR-006,completed,07:00,17:00
OR-5,2025-02-11,10:20,11:14,10:20,11:15,Hernia Repair,SUR-006,completed,07:00,17:00
OR-1,2025-02-12,07:00,09:04,07:00,09:25,Total Hip Arthroplasty,SUR-005,completed,07:00,17:00
OR-1,2025-02-12,09:50,10:32,,,Appendectomy,SUR-005,cancelled,07:00,17:00
OR-1,2025-02-12,10:40,12:19,10:50,12:17,ACL Reconstruction,SUR-006,completed,07:00,17:00
OR-1,2025-02-12,12:38,13:31,12:38,13:45,Cesarean Section,SUR-005,completed,07:00,17:00
OR-2,2025-02-12,07:00,07:56,07:09,08:16,Hernia Repair,SUR-003,completed,07:00,17:00
OR-2,2025-02-12,08:42,09:58,08:42,10:02,ACL Reconstruction,SUR-003,completed,07:00,17:00
OR-2,2025-02-12,10:22,10:48,10:30,11:01,Carpal Tunnel Release,SUR-003,completed,07:00,17:00
OR-3,2025-02-12,07:00,07:24,07:05,07:31,Cataract Surgery,SUR-005,completed,07:00,17:00
OR-3,2025-02-12,07:44,10:07,07:53,10:24,Total Hip Arthroplasty,SUR-005,completed,07:00,17:00
OR-3,2025-02-12,10:34,11:17,10:49,11:30,Cesarean Section,SUR-005,completed,07:00,17:00
OR-3,2025-02-12,11:40,12:47,11:44,13:10,Laparoscopic Cholecystectomy,SUR-005,completed,07:00,17:00
OR-3,2025-02-12,13:34,15:39,13:40,16:15,Total Knee Arthroplasty,SUR-005,completed,07:00,17:00
OR-4,2025-02-12,07:00,07:54,07:00,07:58,Cesarean Section,SUR-008,completed,07:00,17:00
OR-4,2025-02-12,08:29,10:43,,,Total Knee Arthroplasty,SUR-008,cancelled,07:00,17:00
OR-4,2025-02-12,10:49,12:27,11:08,12:39,Rotator Cuff Repair,SUR-008,completed,07:00,17:00
OR-4,2025-02-12,12:56,13:49,12:57,13:46,Hernia Repair,SUR-008,completed,07:00,17:00
OR-5,2025-02-12,07:00,07:28,07:10,07:35,Cataract Surgery,SUR-003,completed,07:00,17:00
OR-5,2025-02-12,08:12,09:02,08:23,09:17,Cesarean Section,SUR-003,completed,07:00,17:00
OR-5,2025-02-12,09:45,10:46,,,Laparoscopic Cholecystectomy,SUR-003,cancelled,07:00,17:00
OR-5,2025-02-12,10:55,11:31,11:01,11:38,Tonsillectomy,SUR-003,completed,07:00,17:00
OR-5,2025-02-12,12:03,12:45,12:05,12:55,Tonsillectomy,SUR-003,completed,07:00,17:00
OR-5,2025-02-12,13:27,16:47,13:31,15:55,Spinal Fusion,SUR-011,completed,07:00,17:00
OR-1,2025-02-13,07:00,07:46,07:16,08:04,Laparoscopic Cholecystectomy,SUR-002,completed,07:00,17:00
OR-1,2025-02-13,08:33,10:22,08:33,10:30,Total Knee Arthroplasty,SUR-002,completed,07:00,17:00
OR-1,2025-02-13,10:51,11:19,10:55,11:39,Cataract Surgery,SUR-002,completed,07:00,17:00
OR-1,2025-02-13,12:07,13:02,12:16,13:30,Cesarean Section,SUR-002,completed,07:00,17:00
OR-2,2025-02-13,07:00,08:35,07:06,08:55,Total Knee Arthroplasty,SUR-006,completed,07:00,17:00
OR-2,2025-02-13,09:09,10:07,09:09,10:24,Laparoscopic Cholecystectomy,SUR-006,completed,07:00,17:00
OR-2,2025-02-13,10:51,11:44,10:58,11:54,Cesarean Section,SUR-006,completed,07:00,17:00
OR-2,2025-02-13,12:17,13:45,12:17,13:55,ACL Reconstruction,SUR-006,completed,07:00,17:00
OR-3,2025-02-13,07:00,07:50,07:17,08:21,Appendectomy,SUR-010,completed,07:00,17:00
OR-3,2025-02-13,08:35,08:59,08:41,09:17,Carpal Tunnel Release,SUR-010,completed,07:00,17:00
OR-3,2025-02-13,09:50,13:10,09:51,12:51,Spinal Fusion,SUR-010,completed,07:00,17:00
OR-3,2025-02-13,13:19,14:07,13:21,14:12,Hernia Repair,SUR-010,completed,07:00,17:00
OR-4,2025-02-13,07:00,07:53,07:00,07:57,Hernia Repair,SUR-004,completed,07:00,17:00
OR-4,2025-02-13,08:13,10:28,08:16,10:28,Total Hip Arthroplasty,SUR-009,completed,07:00,17:00
OR-4,2025-02-13,10:56,11:42,10:56,11:51,Hernia Repair,SUR-004,completed,07:00,17:00
OR-5,2025-02-13,07:00,07:46,07:12,08:07,Hernia Repair,SUR-003,completed,07:00,17:00
OR-5,2025-02-13,08:28,09:08,08:36,09:05,Cesarean Section,SUR-009,completed,07:00,17:00
OR-5,2025-02-13,09:29,09:51,09:29,09:50,Carpal Tunnel Release,SUR-003,completed,07:00,17:00
OR-5,2025-02-13,10:10,11:01,10:17,11:09,Hernia Repair,SUR-003,completed,07:00,17:00
OR-5,2025-02-13,11:38,12:34,11:38,12:31,Hernia Repair,SUR-003,completed,07:00,17:00
OR-1,2025-02-14,07:00,10:05,07:05,08:51,Spinal Fusion,SUR-004,completed,07:00,17:00
OR-1,2025-02-14,09:08,09:39,09:21,09:43,Tonsillectomy,SUR-012,completed,07:00,17:00
OR-1,2025-02-14,09:53,10:48,10:05,10:56,Cesarean Section,SUR-012,completed,07:00,17:00
OR-2,2025-02-14,07:00,09:07,07:00,08:24,Total Knee Arthroplasty,SUR-002,completed,07:00,17:00
OR-2,2025-02-14,08:43,09:52,08:44,09:56,Laparoscopic Cholecystectomy,SUR-002,completed,07:00,17:00
OR-2,2025-02-14,10:27,12:28,10:27,12:35,ACL Reconstruction,SUR-002,completed,07:00,17:00
OR-2,2025-02-14,13:11,15:43,13:21,15:38,Spinal Fusion,SUR-002,completed,07:00,17:00
OR-2,2025-02-14,16:00,17:00,16:00,16:56,Spinal Fusion,SUR-002,completed,07:00,17:00
OR-3,2025-02-14,07:00,08:49,07:07,08:57,ACL Reconstruction,SUR-009,completed,07:00,17:00
OR-3,2025-02-14,09:23,12:05,09:31,12:42,Spinal Fusion,SUR-011,completed,07:00,17:00
OR-3,2025-02-14,13:24,14:07,13:25,14:16,Appendectomy,SUR-011,completed,07:00,17:00
OR-3,2025-02-14,14:44,15:12,14:45,15:18,Cataract Surgery,SUR-011,completed,07:00,17:00
OR-4,2025-02-14,07:00,07:43,07:08,07:59,Appendectomy,SUR-007,completed,07:00,17:00
OR-4,2025-02-14,08:16,08:40,08:16,08:35,Cataract Surgery,SUR-007,completed,07:00,17:00
OR-4,2025-02-14,08:46,10:58,,,Total Hip Arthroplasty,SUR-007,cancelled,07:00,17:00
OR-4,2025-02-14,11:12,13:02,11:13,13:39,Total Knee Arthroplasty,SUR-010,completed,07:00,17:00
OR-4,2025-02-14,14:06,16:06,14:07,16:12,Total Knee Arthroplasty,SUR-007,completed,07:00,17:00
OR-5,2025-02-14,07:00,07:52,,,Cesarean Section,SUR-001,cancelled,07:00,17:00
OR-5,2025-02-14,08:05,08:40,08:10,08:51,Appendectomy,SUR-001,completed,07:00,17:00
OR-5,2025-02-14,09:10,10:20,09:10,10:26,Laparoscopic Cholecystectomy,SUR-001,completed,07:00,17:00
OR-5,2025-02-14,10:47,11:36,10:50,11:44,Cesarean Section,SUR-001,completed,07:00,17:00
OR-1,2025-02-17,07:00,07:51,07:07,08:06,Appendectomy,SUR-011,completed,07:00,17:00
OR-1,2025-02-17,08:22,09:21,08:22,09:34,Hernia Repair,SUR-011,completed,07:00,17:00
OR-1,2025-02-17,10:13,12:11,10:13,12:06,Total Knee Arthroplasty,SUR-011,completed,07:00,17:00
OR-1,2025-02-17,12:37,13:29,12:42,13:48,Cesarean Section,SUR-011,completed,07:00,17:00
OR-1,2025-02-17,14:13,17:00,14:22,18:15,Spinal Fusion,SUR-006,completed,07:00,17:00
OR-2,2025-02-17,07:00,07:59,07:06,07:58,Hernia Repair,SUR-011,completed,07:00,17:00
OR-2,2025-02-17,08:33,09:34,08:41,09:46,Laparoscopic Cholecystectomy,SUR-011,completed,07:00,17:00
OR-2,2025-02-17,10:03,10:58,10:15,11:19,Hernia Repair,SUR-011,completed,07:00,17:00
OR-2,2025-02-17,11:29,11:58,11:43,12:14,Cataract Surgery,SUR-008,completed,07:00,17:00
OR-2,2025-02-17,12:24,14:46,12:32,15:09,Total Knee Arthroplasty,SUR-011,completed,07:00,17:00
OR-3,2025-02-17,07:00,10:19,07:04,11:04,Spinal Fusion,SUR-009,completed,07:00,17:00
OR-3,2025-02-17,11:30,13:12,11:34,13:16,ACL Reconstruction,SUR-009,completed,07:00,17:00
OR-3,2025-02-17,13:46,15:08,13:46,15:21,Rotator Cuff Repair,SUR-009,completed,07:00,17:00
OR-3,2025-02-17,15:48,16:35,,,Appendectomy,SUR-009,cancelled,07:00,17:00
OR-4,2025-02-17,07:00,09:25,07:07,09:20,Total Hip Arthroplasty,SUR-010,completed,07:00,17:00
OR-4,2025-02-17,09:39,10:39,09:39,10:46,Cesarean Section,SUR-010,completed,07:00,17:00
OR-4,2025-02-17,10:56,11:40,10:57,11:27,Appendectomy,SUR-010,completed,07:00,17:00
OR-5,2025-02-17,07:00,07:43,07:00,07:49,Appendectomy,SUR-008,completed,07:00,17:00
OR-5,2025-02-17,08:22,09:13,08:28,09:21,Appendectomy,SUR-001,completed,07:00,17:00
OR-5,2025-02-17,09:53,13:23,10:03,13:10,Spinal Fusion,SUR-001,completed,07:00,17:00
OR-5,2025-02-17,13:33,14:04,13:33,14:09,Cataract Surgery,SUR-001,completed,07:00,17:00
OR-1,2025-02-18,07:00,07:31,07:16,07:48,Cataract Surgery,SUR-006,completed,07:00,17:00
OR-1,2025-02-18,08:09,08:34,08:09,08:30,Carpal Tunnel Release,SUR-006,completed,07:00,17:00
OR-1,2025-02-18,09:02,09:30,09:02,09:36,Carpal Tunnel Release,SUR-006,completed,07:00,17:00
OR-1,2025-02-18,09:57,10:43,10:03,11:02,Appendectomy,SUR-006,completed,07:00,17:00
OR-2,2025-02-18,07:00,07:57,07:09,08:13,Cesarean Section,SUR-010,completed,07:00,17:00
OR-2,2025-02-18,08:28,09:10,08:34,09:23,Tonsillectomy,SUR-010,completed,07:00,17:00
OR-2,2025-02-18,09:33,10:28,09:44,10:45,Laparoscopic Cholecystectomy,SUR-010,completed,07:00,17:00
OR-2,2025-02-18,10:55,11:33,10:55,11:46,Tonsillectomy,SUR-010,completed,07:00,17:00
OR-3,2025-02-18,07:00,07:30,07:15,07:40,Cataract Surgery,SUR-011,completed,07:00,17:00
OR-3,2025-02-18,07:54,08:43,08:02,08:41,Cesarean Section,SUR-011,completed,07:00,17:00
OR-3,2025-02-18,08:51,09:55,08:51,09:54,Laparoscopic Cholecystectomy,SUR-011,completed,07:00,17:00
OR-3,2025-02-18,10:04,10:59,10:07,11:17,Laparoscopic Cholecystectomy,SUR-011,completed,07:00,17:00
OR-3,2025-02-18,11:32,12:36,11:32,12:35,Hernia Repair,SUR-011,completed,07:00,17:00
OR-4,2025-02-18,07:00,09:17,07:04,09:17,Total Hip Arthroplasty,SUR-009,completed,07:00,17:00
OR-4,2025-02-18,09:49,12:06,09:49,12:09,Total Knee Arthroplasty,SUR-009,completed,07:00,17:00
OR-4,2025-02-18,12:31,13:11,12:34,13:17,Appendectomy,SUR-009,completed,07:00,17:00
OR-5,2025-02-18,07:00,08:40,07:06,08:42,Rotator Cuff Repair,SUR-004,completed,07:00,17:00
OR-5,2025-02-18,09:09,09:41,09:16,09:48,Tonsillectomy,SUR-004,completed,07:00,17:00
OR-5,2025-02-18,10:02,11:50,,,Total Knee Arthroplasty,SUR-004,cancelled,07:00,17:00
OR-5,2025-02-18,11:55,14:14,11:55,14:34,Total Knee Arthroplasty,SUR-004,completed,07:00,17:00
OR-5,2025-02-18,15:15,15:41,,,Cataract Surgery,SUR-004,cancelled,07:00,17:00
OR-5,2025-02-18,15:56,17:00,15:59,17:06,Spinal Fusion,SUR-004,completed,07:00,17:00
OR-1,2025-02-19,07:00,07:49,07:06,07:59,Hernia Repair,SUR-002,completed,07:00,17:00
OR-1,2025-02-19,08:12,09:03,08:13,08:53,Hernia Repair,SUR-002,completed,07:00,17:00
OR-1,2025-02-19,09:11,12:13,09:12,12:16,Spinal Fusion,SUR-002,completed,07:00,17:00
OR-2,2025-02-19,07:00,07:46,07:12,08:10,Cesarean Section,SUR-008,completed,07:00,17:00
OR-2,2025-02-19,08:28,10:49,08:30,11:05,Total Hip Arthroplasty,SUR-008,completed,07:00,17:00
OR-2,2025-02-19,11:39,13:45,11:39,14:02,Total Knee Arthroplasty,SUR-008,completed,07:00,17:00
OR-2,2025-02-19,14:33,15:26,14:42,15:34,Hernia Repair,SUR-008,completed,07:00,17:00
OR-3,2025-02-19,07:00,09:16,07:00,09:10,Total Hip Arthroplasty,SUR-012,completed,07:00,17:00
OR-3,2025-02-19,09:42,10:54,09:42,10:42,Rotator Cuff Repair,SUR-012,completed,07:00,17:00
OR-3,2025-02-19,11:03,13:13,11:15,13:55,Total Hip Arthroplasty,SUR-012,completed,07:00,17:00
OR-3,2025-02-19,14:20,15:05,14:26,15:08,Appendectomy,SUR-012,completed,07:00,17:00
OR-4,2025-02-19,07:00,07:26,,,Cataract Surgery,SUR-005,cancelled,07:00,17:00
OR-4,2025-02-19,07:39,08:14,07:41,08:20,Tonsillectomy,SUR-010,completed,07:00,17:00
OR-4,2025-02-19,08:30,10:02,,,Rotator Cuff Repair,SUR-010,cancelled,07:00,17:00
OR-4,2025-02-19,10:09,11:02,10:12,10:59,Cesarean Section,SUR-010,completed,07:00,17:00
OR-4,2025-02-19,11:19,11:49,11:23,11:58,Cataract Surgery,SUR-010,completed,07:00,17:00
OR-4,2025-02-19,12:28,15:08,12:33,16:14,Spinal Fusion,SUR-010,completed,07:00,17:00
OR-5,2025-02-19,07:00,07:50,07:04,07:51,Cesarean Section,SUR-007,completed,07:00,17:00
OR-5,2025-02-19,08:05,09:33,,,Rotator Cuff Repair,SUR-007,cancelled,07:00,17:00
OR-5,2025-02-19,09:39,10:58,09:39,11:27,Rotator Cuff Repair,SUR-007,completed,07:00,17:00
OR-5,2025-02-19,11:45,12:19,11:46,12:17,Tonsillectomy,SUR-007,completed,07:00,17:00
OR-1,2025-02-20,07:00,07:31,07:16,07:42,Carpal Tunnel Release,SUR-001,completed,07:00,17:00
OR-1,2025-02-20,08:09,10:54,08:09,11:29,Spinal Fusion,SUR-001,completed,07:00,17:00
OR-1,2025-02-20,12:00,13:50,12:01,13:54,ACL Reconstruction,SUR-001,completed,07:00,17:00
OR-1,2025-02-20,14:21,14:52,14:22,14:47,Cataract Surgery,SUR-001,completed,07:00,17:00
OR-2,2025-02-20,07:00,08:06,07:00,08:14,Laparoscopic Cholecystectomy,SUR-002,completed,07:00,17:00
OR-2,2025-02-20,08:38,09:42,08:47,09:45,Laparoscopic Cholecystectomy,SUR-002,completed,07:00,17:00
OR-2,2025-02-20,09:55,12:02,10:04,12:06,Total Hip Arthroplasty,SUR-002,completed,07:00,17:00
OR-2,2025-02-20,12:22,12:42,12:36,13:01,Carpal Tunnel Release,SUR-002,completed,07:00,17:00
OR-3,2025-02-20,07:00,08:05,07:11,08:13,Laparoscopic Cholecystectomy,SUR-003,completed,07:00,17:00
OR-3,2025-02-20,08:33,09:25,08:52,09:51,Hernia Repair,SUR-006,completed,07:00,17:00
OR-3,2025-02-20,10:09,11:06,10:09,11:24,Hernia Repair,SUR-003,completed,07:00,17:00
OR-4,2025-02-20,07:00,09:06,07:14,09:29,Total Knee Arthroplasty,SUR-006,completed,07:00,17:00
OR-4,2025-02-20,09:51,12:06,09:54,11:59,Total Hip Arthroplasty,SUR-006,completed,07:00,17:00
OR-4,2025-02-20,12:17,13:08,12:20,13:07,Appendectomy,SUR-006,completed,07:00,17:00
OR-4,2025-02-20,13:24,16:43,13:32,17:29,Spinal Fusion,SUR-006,completed,07:00,17:00
OR-5,2025-02-20,07:00,08:03,07:04,08:04,Laparoscopic Cholecystectomy,SUR-005,completed,07:00,17:00
OR-5,2025-02-20,08:33,11:48,08:33,11:23,Spinal Fusion,SUR-005,completed,07:00,17:00
OR-5,2025-02-20,11:45,13:30,11:45,13:41,Rotator Cuff Repair,SUR-005,completed,07:00,17:00
OR-5,2025-02-20,13:51,15:24,13:52,15:27,ACL Reconstruction,SUR-005,completed,07:00,17:00
OR-5,2025-02-20,15:44,16:09,15:44,16:06,Carpal Tunnel Release,SUR-005,completed,07:00,17:00
OR-5,2025-02-20,16:34,17:00,16:43,17:05,Spinal Fusion,SUR-005,completed,07:00,17:00
OR-1,2025-02-21,07:00,08:36,07:01,08:37,Rotator Cuff Repair,SUR-006,completed,07:00,17:00
OR-1,2025-02-21,08:58,10:56,09:13,10:39,ACL Reconstruction,SUR-006,completed,07:00,17:00
OR-1,2025-02-21,11:20,11:51,11:29,12:08,Tonsillectomy,SUR-006,completed,07:00,17:00
OR-1,2025-02-21,12:22,13:56,12:25,14:17,Rotator Cuff Repair,SUR-006,completed,07:00,17:00
OR-1,2025-02-21,14:40,16:20,14:44,16:33,Rotator Cuff Repair,SUR-006,completed,07:00,17:00
OR-2,2025-02-21,07:00,08:35,07:12,08:36,Rotator Cuff Repair,SUR-008,completed,07:00,17:00
OR-2,2025-02-21,08:49,11:38,08:49,12:07,Spinal Fusion,SUR-008,completed,07:00,17:00
OR-2,2025-02-21,12:36,13:20,12:48,13:46,Appendectomy,SUR-008,completed,07:00,17:00
OR-2,2025-02-21,14:09,15:40,14:22,16:00,ACL Reconstruction,SUR-012,completed,07:00,17:00
OR-3,2025-02-21,07:00,07:24,07:02,07:20,Carpal Tunnel Release,SUR-008,completed,07:00,17:00
OR-3,2025-02-21,07:47,09:51,08:09,09:52,Total Hip Arthroplasty,SUR-008,completed,07:00,17:00
OR-3,2025-02-21,10:03,13:12,10:16,13:38,Spinal Fusion,SUR-005,completed,07:00,17:00
OR-3,2025-02-21,14:04,14:40,14:04,14:36,Appendectomy,SUR-008,completed,07:00,17:00
OR-4,2025-02-21,07:00,09:16,07:00,08:43,Total Hip Arthroplasty,SUR-007,completed,07:00,17:00
OR-4,2025-02-21,09:00,09:32,09:06,09:41,Tonsillectomy,SUR-007,completed,07:00,17:00
OR-4,2025-02-21,10:10,11:03,10:20,11:17,Cesarean Section,SUR-006,completed,07:00,17:00
OR-4,2025-02-21,11:41,12:33,11:45,12:38,Cesarean Section,SUR-007,completed,07:00,17:00
OR-4,2025-02-21,12:57,14:28,13:03,14:43,ACL Reconstruction,SUR-004,completed,07:00,17:00
OR-5,2025-02-21,07:00,07:56,07:00,08:06,Laparoscopic Cholecystectomy,SUR-011,completed,07:00,17:00
OR-5,2025-02-21,08:28,09:59,08:36,10:01,ACL Reconstruction,SUR-011,completed,07:00,17:00
OR-5,2025-02-21,10:11,11:50,10:11,11:49,Rotator Cuff Repair,SUR-011,completed,07:00,17:00
OR-5,2025-02-21,12:11,14:24,12:15,14:11,Total Knee Arthroplasty,SUR-011,completed,07:00,17:00
OR-5,2025-02-21,14:37,15:24,14:52,15:44,Cesarean Section,SUR-011,completed,07:00,17:00
OR-1,2025-02-24,07:00,07:25,07:19,07:51,Carpal Tunnel Release,SUR-010,completed,07:00,17:00
OR-1,2025-02-24,08:27,09:56,08:36,09:56,ACL Reconstruction,SUR-010,completed,07:00,17:00
OR-1,2025-02-24,10:19,11:37,10:19,11:32,Rotator Cuff Repair,SUR-010,completed,07:00,17:00
OR-1,2025-02-24,12:01,12:33,12:06,12:33,Cataract Surgery,SUR-010,completed,07:00,17:00
OR-2,2025-02-24,07:00,08:23,07:13,08:53,Rotator Cuff Repair,SUR-002,completed,07:00,17:00
OR-2,2025-02-24,09:23,10:04,09:23,09:52,Appendectomy,SUR-002,completed,07:00,17:00
OR-2,2025-02-24,10:25,12:34,10:25,13:19,Total Hip Arthroplasty,SUR-002,completed,07:00,17:00
OR-2,2025-02-24,13:51,15:21,13:53,15:29,Rotator Cuff Repair,SUR-012,completed,07:00,17:00
OR-3,2025-02-24,07:00,08:44,07:10,09:08,Rotator Cuff Repair,SUR-002,completed,07:00,17:00
OR-3,2025-02-24,09:39,10:31,09:47,10:38,Laparoscopic Cholecystectomy,SUR-002,completed,07:00,17:00
OR-3,2025-02-24,10:48,11:31,10:48,11:37,Hernia Repair,SUR-002,completed,07:00,17:00
OR-4,2025-02-24,07:00,07:25,07:19,07:38,Carpal Tunnel Release,SUR-009,completed,07:00,17:00
OR-4,2025-02-24,07:59,09:00,07:59,09:02,Laparoscopic Cholecystectomy,SUR-009,completed,07:00,17:00
OR-4,2025-02-24,09:12,12:37,,,Spinal Fusion,SUR-009,cancelled,07:00,17:00
OR-4,2025-02-24,12:45,13:09,12:55,13:21,Carpal Tunnel Release,SUR-009,completed,07:00,17:00
OR-4,2025-02-24,13:42,14:29,13:46,14:42,Cesarean Section,SUR-009,completed,07:00,17:00
OR-5,2025-02-24,07:00,07:34,07:04,07:52,Tonsillectomy,SUR-012,completed,07:00,17:00
OR-5,2025-02-24,08:13,09:22,08:15,09:30,Laparoscopic Cholecystectomy,SUR-012,completed,07:00,17:00
OR-5,2025-02-24,09:41,11:49,09:46,12:38,Total Hip Arthroplasty,SUR-012,completed,07:00,17:00
OR-1,2025-02-25,07:00,07:39,07:11,08:02,Tonsillectomy,SUR-009,completed,07:00,17:00
OR-1,2025-02-25,08:23,11:10,08:24,10:53,Total Hip Arthroplasty,SUR-009,completed,07:00,17:00
OR-1,2025-02-25,11:05,11:48,11:13,11:56,Tonsillectomy,SUR-009,completed,07:00,17:00
OR-1,2025-02-25,12:27,12:59,12:42,13:08,Cataract Surgery,SUR-009,completed,07:00,17:00
OR-1,2025-02-25,13:27,15:02,13:27,15:31,ACL Reconstruction,SUR-005,completed,07:00,17:00
OR-2,2025-02-25,07:00,08:36,07:22,08:52,Rotator Cuff Repair,SUR-002,completed,07:00,17:00
OR-2,2025-02-25,09:10,12:12,09:19,12:08,Spinal Fusion,SUR-002,completed,07:00,17:00
OR-2,2025-02-25,12:24,15:43,12:30,14:47,Spinal Fusion,SUR-002,completed,07:00,17:00
OR-2,2025-02-25,14:59,15:56,15:05,15:59,Cesarean Section,SUR-002,completed,07:00,17:00
OR-3,2025-02-25,07:00,07:25,07:12,07:31,Carpal Tunnel Release,SUR-003,completed,07:00,17:00
OR-3,2025-02-25,07:46,08:11,07:49,08:17,Carpal Tunnel Release,SUR-003,completed,07:00,17:00
OR-3,2025-02-25,08:29,10:33,08:39,11:01,Total Knee Arthroplasty,SUR-003,completed,07:00,17:00
OR-3,2025-02-25,11:24,14:22,11:24,14:35,Spinal Fusion,SUR-003,completed,07:00,17:00
OR-4,2025-02-25,07:00,08:38,07:02,08:31,ACL Reconstruction,SUR-008,completed,07:00,17:00
OR-4,2025-02-25,08:54,09:18,09:00,09:27,Carpal Tunnel Release,SUR-001,completed,07:00,17:00
OR-4,2025-02-25,09:56,10:47,10:05,10:51,Appendectomy,SUR-008,completed,07:00,17:00
OR-4,2025-02-25,11:05,11:59,11:06,11:54,Hernia Repair,SUR-008,completed,07:00,17:00
OR-4,2025-02-25,12:12,12:45,12:12,12:47,Tonsillectomy,SUR-008,completed,07:00,17:00
OR-5,2025-02-25,07:00,07:35,07:22,07:58,Tonsillectomy,SUR-009,completed,07:00,17:00
OR-5,2025-02-25,08:17,09:47,08:22,10:02,Rotator Cuff Repair,SUR-009,completed,07:00,17:00
OR-5,2025-02-25,10:40,11:25,10:49,11:38,Cesarean Section,SUR-009,completed,07:00,17:00
OR-1,2025-02-26,07:00,07:53,07:15,08:00,Cesarean Section,SUR-007,completed,07:00,17:00
OR-1,2025-02-26,08:21,08:45,08:21,08:50,Cataract Surgery,SUR-005,completed,07:00,17:00
OR-1,2025-02-26,09:08,10:28,09:13,10:30,Rotator Cuff Repair,SUR-002,completed,07:00,17:00
OR-2,2025-02-26,07:00,07:53,07:01,07:45,Cesarean Section,SUR-004,completed,07:00,17:00
OR-2,2025-02-26,08:08,09:02,08:19,09:08,Cesarean Section,SUR-004,completed,07:00,17:00
OR-2,2025-02-26,09:37,10:09,09:51,10:19,Tonsillectomy,SUR-004,completed,07:00,17:00
OR-2,2025-02-26,10:51,11:33,11:07,11:57,Appendectomy,SUR-004,completed,07:00,17:00
OR-3,2025-02-26,07:00,07:33,07:12,07:51,Tonsillectomy,SUR-009,completed,07:00,17:00
OR-3,2025-02-26,08:12,09:02,08:20,09:13,Cesarean Section,SUR-009,completed,07:00,17:00
OR-3,2025-02-26,09:24,10:14,09:29,10:33,Hernia Repair,SUR-009,completed,07:00,17:00
OR-3,2025-02-26,11:07,13:32,11:12,14:10,Total Hip Arthroplasty,SUR-009,completed,07:00,17:00
OR-4,2025-02-26,07:00,07:29,07:03,07:25,Cataract Surgery,SUR-003,completed,07:00,17:00
OR-4,2025-02-26,07:49,08:34,07:57,08:47,Appendectomy,SUR-007,completed,07:00,17:00
OR-4,2025-02-26,09:10,09:57,09:13,10:07,Appendectomy,SUR-007,completed,07:00,17:00
OR-5,2025-02-26,07:00,07:36,07:12,07:43,Tonsillectomy,SUR-008,completed,07:00,17:00
OR-5,2025-02-26,08:05,10:53,08:05,10:24,Spinal Fusion,SUR-008,completed,07:00,17:00
OR-5,2025-02-26,10:56,13:25,11:03,14:34,Total Hip Arthroplasty,SUR-008,completed,07:00,17:00
OR-5,2025-02-26,14:54,15:59,14:56,16:10,Cesarean Section,SUR-008,completed,07:00,17:00
OR-1,2025-02-27,07:00,07:36,,,Tonsillectomy,SUR-008,cancelled,07:00,17:00
OR-1,2025-02-27,07:42,08:40,07:47,08:49,Cesarean Section,SUR-008,completed,07:00,17:00
OR-1,2025-02-27,09:03,09:55,09:06,09:55,Cesarean Section,SUR-009,completed,07:00,17:00
OR-1,2025-02-27,10:10,13:58,10:12,13:21,Spinal Fusion,SUR-008,completed,07:00,17:00
OR-1,2025-02-27,13:37,14:21,13:44,14:37,Appendectomy,SUR-008,completed,07:00,17:00
OR-2,2025-02-27,07:00,07:51,07:10,07:53,Hernia Repair,SUR-005,completed,07:00,17:00
OR-2,2025-02-27,08:10,08:32,08:10,08:36,Carpal Tunnel Release,SUR-005,completed,07:00,17:00
OR-2,2025-02-27,09:03,11:14,,,Total Knee Arthroplasty,SUR-005,cancelled,07:00,17:00
OR-2,2025-02-27,11:26,13:04,11:35,13:25,Total Knee Arthroplasty,SUR-005,completed,07:00,17:00
OR-2,2025-02-27,13:52,14:17,13:52,14:13,Carpal Tunnel Release,SUR-005,completed,07:00,17:00
OR-3,2025-02-27,07:00,07:52,07:12,07:51,Cesarean Section,SUR-007,completed,07:00,17:00
OR-3,2025-02-27,08:05,08:32,08:06,08:28,Cataract Surgery,SUR-007,completed,07:00,17:00
OR-3,2025-02-27,08:38,09:05,08:42,09:05,Cataract Surgery,SUR-007,completed,07:00,17:00
OR-3,2025-02-27,09:26,11:55,09:26,12:02,Total Hip Arthroplasty,SUR-007,completed,07:00,17:00
OR-4,2025-02-27,07:00,09:52,07:04,10:32,Spinal Fusion,SUR-003,completed,07:00,17:00
OR-4,2025-02-27,10:51,11:40,10:57,11:45,Appendectomy,SUR-002,completed,07:00,17:00
OR-4,2025-02-27,12:10,14:13,12:20,14:18,Total Knee Arthroplasty,SUR-010,completed,07:00,17:00
OR-5,2025-02-27,07:00,08:59,,,Total Knee Arthroplasty,SUR-004,cancelled,07:00,17:00
OR-5,2025-02-27,09:05,12:23,09:11,11:48,Spinal Fusion,SUR-004,completed,07:00,17:00
OR-5,2025-02-27,12:19,13:14,12:29,13:41,Appendectomy,SUR-004,completed,07:00,17:00
OR-5,2025-02-27,14:03,15:55,14:03,16:10,Total Hip Arthroplasty,SUR-004,completed,07:00,17:00
OR-5,2025-02-27,16:27,16:54,16:30,17:03,Cataract Surgery,SUR-004,completed,07:00,17:00
OR-1,2025-02-28,07:00,09:08,07:17,09:00,Total Hip Arthroplasty,SUR-011,completed,07:00,17:00
OR-1,2025-02-28,09:28,10:25,09:35,10:45,Laparoscopic Cholecystectomy,SUR-003,completed,07:00,17:00
OR-1,2025-02-28,11:12,13:01,11:12,13:29,ACL Reconstruction,SUR-003,completed,07:00,17:00
OR-1,2025-02-28,13:44,14:19,13:49,14:30,Tonsillectomy,SUR-003,completed,07:00,17:00
OR-2,2025-02-28,07:00,07:54,07:00,08:02,Laparoscopic Cholecystectomy,SUR-002,completed,07:00,17:00
OR-2,2025-02-28,08:25,11:45,08:28,11:04,Spinal Fusion,SUR-002,completed,07:00,17:00
OR-2,2025-02-28,11:33,12:30,11:39,12:32,Laparoscopic Cholecystectomy,SUR-002,completed,07:00,17:00
OR-3,2025-02-28,07:00,07:45,,,Cesarean Section,SUR-004,cancelled,07:00,17:00
OR-3,2025-02-28,07:54,08:34,07:59,08:52,Appendectomy,SUR-004,completed,07:00,17:00
OR-3,2025-02-28,09:10,10:01,09:10,10:03,Cesarean Section,SUR-004,completed,07:00,17:00
OR-3,2025-02-28,10:22,11:03,10:32,11:14,Appendectomy,SUR-008,completed,07:00,17:00
OR-4,2025-02-28,07:00,07:52,07:00,07:41,Hernia Repair,SUR-006,completed,07:00,17:00
OR-4,2025-02-28,08:10,09:21,08:10,09:18,Rotator Cuff Repair,SUR-011,completed,07:00,17:00
OR-4,2025-02-28,09:53,10:30,09:53,10:41,Tonsillectomy,SUR-011,completed,07:00,17:00
OR-5,2025-02-28,07:00,09:28,,,Total Hip Arthroplasty,SUR-005,cancelled,07:00,17:00
OR-5,2025-02-28,09:36,11:31,09:36,11:29,Total Knee Arthroplasty,SUR-003,completed,07:00,17:00
OR-5,2025-02-28,11:53,14:44,12:00,14:43,Spinal Fusion,SUR-003,completed,07:00,17:00
OR-5,2025-02-28,15:09,16:06,15:12,16:10,Hernia Repair,SUR-003,completed,07:00,17:00
OR-5,2025-02-28,16:33,17:00,16:49,17:24,Spinal Fusion,SUR-003,completed,07:00,17:00
OR-1,2025-03-03,07:00,07:39,07:11,07:53,Cataract Surgery,SUR-004,completed,07:00,17:00
OR-1,2025-03-03,08:20,09:13,08:21,09:11,Laparoscopic Cholecystectomy,SUR-010,completed,07:00,17:00
OR-1,2025-03-03,09:38,11:16,09:42,11:45,ACL Reconstruction,SUR-010,completed,07:00,17:00
OR-1,2025-03-03,12:13,13:51,12:13,14:19,ACL Reconstruction,SUR-010,completed,07:00,17:00
OR-2,2025-03-03,07:00,08:40,07:06,08:49,Total Knee Arthroplasty,SUR-012,completed,07:00,17:00
OR-2,2025-03-03,09:17,11:44,09:22,12:09,Total Hip Arthroplasty,SUR-012,completed,07:00,17:00
OR-2,2025-03-03,12:31,12:58,12:33,13:02,Cataract Surgery,SUR-012,completed,07:00,17:00
OR-2,2025-03-03,13:23,14:11,13:24,14:17,Laparoscopic Cholecystectomy,SUR-012,completed,07:00,17:00
OR-3,2025-03-03,07:00,07:58,07:10,07:57,Laparoscopic Cholecystectomy,SUR-012,completed,07:00,17:00
OR-3,2025-03-03,08:07,09:00,08:15,09:26,Hernia Repair,SUR-012,completed,07:00,17:00
OR-3,2025-03-03,09:54,10:45,09:56,10:53,Laparoscopic Cholecystectomy,SUR-012,completed,07:00,17:00
OR-4,2025-03-03,07:00,09:06,07:02,09:09,Total Knee Arthroplasty,SUR-005,completed,07:00,17:00
OR-4,2025-03-03,09:34,10:33,09:34,10:31,Hernia Repair,SUR-005,completed,07:00,17:00
OR-4,2025-03-03,10:41,11:13,10:41,11:09,Tonsillectomy,SUR-005,completed,07:00,17:00
OR-5,2025-03-03,07:00,08:59,07:00,09:03,Total Knee Arthroplasty,SUR-009,completed,07:00,17:00
OR-5,2025-03-03,09:17,10:51,09:17,10:54,Rotator Cuff Repair,SUR-009,completed,07:00,17:00
OR-5,2025-03-03,11:13,11:49,11:17,11:54,Tonsillectomy,SUR-012,completed,07:00,17:00
OR-5,2025-03-03,12:04,12:50,,,Hernia Repair,SUR-009,cancelled,07:00,17:00
OR-5,2025-03-03,12:55,13:37,,,Appendectomy,SUR-009,cancelled,07:00,17:00
OR-1,2025-03-04,07:00,07:49,07:06,07:57,Hernia Repair,SUR-003,completed,07:00,17:00
OR-1,2025-03-04,08:21,10:19,08:21,10:20,ACL Reconstruction,SUR-003,completed,07:00,17:00
OR-1,2025-03-04,10:45,13:44,10:45,13:05,Spinal Fusion,SUR-003,completed,07:00,17:00
OR-2,2025-03-04,07:00,09:00,07:00,08:42,Total Hip Arthroplasty,SUR-002,completed,07:00,17:00
OR-2,2025-03-04,08:55,09:58,09:02,09:57,Laparoscopic Cholecystectomy,SUR-002,completed,07:00,17:00
OR-2,2025-03-04,10:16,11:53,10:17,12:06,Total Knee Arthroplasty,SUR-008,completed,07:00,17:00
OR-2,2025-03-04,12:34,13:01,12:44,13:06,Cataract Surgery,SUR-002,completed,07:00,17:00
OR-2,2025-03-04,13:18,15:42,13:32,16:26,Total Hip Arthroplasty,SUR-004,completed,07:00,17:00
OR-3,2025-03-04,07:00,07:39,07:00,07:39,Cesarean Section,SUR-005,completed,07:00,17:00
OR-3,2025-03-04,07:58,08:29,08:02,08:34,Tonsillectomy,SUR-005,completed,07:00,17:00
OR-3,2025-03-04,09:03,09:48,09:14,10:02,Appendectomy,SUR-005,completed,07:00,17:00
OR-3,2025-03-04,10:23,11:12,10:23,11:41,Appendectomy,SUR-005,completed,07:00,17:00
OR-4,2025-03-04,07:00,07:57,07:11,08:27,Hernia Repair,SUR-001,completed,07:00,17:00
OR-4,2025-03-04,08:55,10:35,09:07,10:44,Total Knee Arthroplasty,SUR-011,completed,07:00,17:00
OR-4,2025-03-04,11:06,13:42,11:13,13:40,Spinal Fusion,SUR-001,completed,07:00,17:00
OR-4,2025-03-04,14:02,16:13,14:17,17:27,Total Hip Arthroplasty,SUR-001,completed,07:00,17:00
OR-5,2025-03-04,07:00,09:00,07:05,09:29,Total Knee Arthroplasty,SUR-005,completed,07:00,17:00
OR-5,2025-03-04,09:48,11:57,,,Total Hip Arthroplasty,SUR-007,cancelled,07:00,17:00
OR-5,2025-03-04,12:10,15:09,12:10,15:42,Spinal Fusion,SUR-007,completed,07:00,17:00
OR-5,2025-03-04,16:19,17:00,16:31,17:10,Cesarean Section,SUR-003,completed,07:00,17:00
OR-1,2025-03-05,07:00,09:02,07:06,09:25,Total Hip Arthroplasty,SUR-011,completed,07:00,17:00
OR-1,2025-03-05,09:47,10:38,09:47,10:26,Laparoscopic Cholecystectomy,SUR-011,completed,07:00,17:00
OR-1,2025-03-05,10:51,12:39,11:03,12:20,Rotator Cuff Repair,SUR-011,completed,07:00,17:00
OR-1,2025-03-05,12:53,13:47,12:53,13:48,Cesarean Section,SUR-011,completed,07:00,17:00
OR-1,2025-03-05,14:18,15:05,14:18,15:15,Appendectomy,SUR-011,completed,07:00,17:00
OR-2,2025-03-05,07:00,07:58,07:14,08:13,Laparoscopic Cholecystectomy,SUR-010,completed,07:00,17:00
OR-2,2025-03-05,08:31,10:09,08:40,10:44,Rotator Cuff Repair,SUR-010,completed,07:00,17:00
OR-2,2025-03-05,11:12,12:01,11:20,12:14,Appendectomy,SUR-010,completed,07:00,17:00
OR-3,2025-03-05,07:00,07:58,07:00,07:48,Laparoscopic Cholecystectomy,SUR-002,completed,07:00,17:00
OR-3,2025-03-05,08:07,08:58,08:19,09:11,Cesarean Section,SUR-006,completed,07:00,17:00
OR-3,2025-03-05,09:41,10:47,09:43,11:00,Laparoscopic Cholecystectomy,SUR-002,completed,07:00,17:00
OR-4,2025-03-05,07:00,08:02,,,Hernia Repair,SUR-006,cancelled,07:00,17:00
OR-4,2025-03-05,08:09,10:10,08:22,10:23,Total Knee Arthroplasty,SUR-006,completed,07:00,17:00
OR-4,2025-03-05,10:48,11:46,10:48,11:54,Hernia Repair,SUR-006,completed,07:00,17:00
OR-4,2025-03-05,12:04,12:27,12:14,12:41,Carpal Tunnel Release,SUR-006,completed,07:00,17:00
OR-4,2025-03-05,13:00,15:21,,,Total Hip Arthroplasty,SUR-006,cancelled,07:00,17:00
OR-5,2025-03-05,07:00,10:11,07:03,10:16,Spinal Fusion,SUR-003,completed,07:00,17:00
OR-5,2025-03-05,10:35,11:59,10:35,12:25,ACL Reconstruction,SUR-003,completed,07:00,17:00
OR-5,2025-03-05,12:50,14:47,,,Total Hip Arthroplasty,SUR-011,cancelled,07:00,17:00
OR-5,2025-03-05,14:59,16:08,15:01,16:33,Laparoscopic Cholecystectomy,SUR-003,completed,07:00,17:00
OR-1,2025-03-06,07:00,09:05,07:00,09:26,Total Knee Arthroplasty,SUR-010,completed,07:00,17:00
OR-1,2025-03-06,09:45,13:00,09:45,13:12,Spinal Fusion,SUR-006,completed,07:00,17:00
OR-1,2025-03-06,13:36,15:34,13:42,15:41,Total Knee Arthroplasty,SUR-006,completed,07:00,17:00
OR-2,2025-03-06,07:00,08:09,07:14,08:13,Laparoscopic Cholecystectomy,SUR-006,completed,07:00,17:00
OR-2,2025-03-06,08:39,09:34,,,Laparoscopic Cholecystectomy,SUR-006,cancelled,07:00,17:00
OR-2,2025-03-06,09:42,11:04,09:51,11:14,ACL Reconstruction,SUR-006,completed,07:00,17:00
OR-2,2025-03-06,11:34,12:31,11:41,12:35,Hernia Repair,SUR-007,completed,07:00,17:00
OR-3,2025-03-06,07:00,07:45,07:00,07:44,Appendectomy,SUR-003,completed,07:00,17:00
OR-3,2025-03-06,08:17,09:09,08:25,09:07,Appendectomy,SUR-003,completed,07:00,17:00
OR-3,2025-03-06,09:32,11:42,09:40,12:16,Total Knee Arthroplasty,SUR-003,completed,07:00,17:00
OR-3,2025-03-06,12:40,14:09,12:40,13:46,Rotator Cuff Repair,SUR-003,completed,07:00,17:00
OR-3,2025-03-06,14:10,15:41,14:17,15:37,Rotator Cuff Repair,SUR-003,completed,07:00,17:00
OR-4,2025-03-06,07:00,08:12,,,Laparoscopic Cholecystectomy,SUR-007,cancelled,07:00,17:00
OR-4,2025-03-06,08:17,08:47,,,Cataract Surgery,SUR-007,cancelled,07:00,17:00
OR-4,2025-03-06,09:00,10:31,09:00,10:27,Rotator Cuff Repair,SUR-007,completed,07:00,17:00
OR-4,2025-03-06,10:48,11:56,11:02,12:22,Laparoscopic Cholecystectomy,SUR-007,completed,07:00,17:00
OR-5,2025-03-06,07:00,07:56,07:05,07:55,Appendectomy,SUR-005,completed,07:00,17:00
OR-5,2025-03-06,08:05,11:30,08:14,13:15,Spinal Fusion,SUR-005,completed,07:00,17:00
OR-5,2025-03-06,13:25,14:33,13:29,14:51,Laparoscopic Cholecystectomy,SUR-005,completed,07:00,17:00
OR-1,2025-03-07,07:00,07:40,,,Tonsillectomy,SUR-012,cancelled,07:00,17:00
OR-1,2025-03-07,07:54,08:31,07:54,08:28,Tonsillectomy,SUR-012,completed,07:00,17:00
OR-1,2025-03-07,08:46,09:06,08:55,09:20,Carpal Tunnel Release,SUR-012,completed,07:00,17:00
OR-1,2025-03-07,09:36,11:40,09:38,12:00,Total Knee Arthroplasty,SUR-012,completed,07:00,17:00
OR-1,2025-03-07,12:16,12:57,,,Appendectomy,SUR-012,cancelled,07:00,17:00
OR-2,2025-03-07,07:00,08:12,07:08,08:08,Laparoscopic Cholecystectomy,SUR-010,completed,07:00,17:00
OR-2,2025-03-07,08:39,10:14,,,Rotator Cuff Repair,SUR-012,cancelled,07:00,17:00
OR-2,2025-03-07,10:21,12:27,10:24,12:33,Total Hip Arthroplasty,SUR-010,completed,07:00,17:00
OR-2,2025-03-07,12:44,14:55,12:56,15:24,Total Hip Arthroplasty,SUR-010,completed,07:00,17:00
OR-3,2025-03-07,07:00,08:15,07:17,08:31,Rotator Cuff Repair,SUR-003,completed,07:00,17:00
OR-3,2025-03-07,08:47,09:35,08:47,09:48,Cesarean Section,SUR-007,completed,07:00,17:00
OR-3,2025-03-07,10:06,10:34,10:10,10:47,Carpal Tunnel Release,SUR-007,completed,07:00,17:00
OR-4,2025-03-07,07:00,07:48,07:12,08:05,Appendectomy,SUR-009,completed,07:00,17:00
OR-4,2025-03-07,08:29,11:24,08:44,11:16,Spinal Fusion,SUR-009,completed,07:00,17:00
OR-4,2025-03-07,11:38,12:38,11:44,12:43,Laparoscopic Cholecystectomy,SUR-012,completed,07:00,17:00
OR-4,2025-03-07,13:07,13:41,13:07,13:44,Tonsillectomy,SUR-009,completed,07:00,17:00
OR-4,2025-03-07,13:57,14:25,,,Tonsillectomy,SUR-009,cancelled,07:00,17:00
OR-5,2025-03-07,07:00,07:26,07:11,07:28,Carpal Tunnel Release,SUR-004,completed,07:00,17:00
OR-5,2025-03-07,07:39,08:32,07:39,08:39,Appendectomy,SUR-004,completed,07:00,17:00
OR-5,2025-03-07,08:55,10:35,08:55,10:51,ACL Reconstruction,SUR-012,completed,07:00,17:00
OR-1,2025-03-10,07:00,07:23,,,Carpal Tunnel Release,SUR-011,cancelled,07:00,17:00
OR-1,2025-03-10,07:29,08:48,07:35,09:34,Rotator Cuff Repair,SUR-001,completed,07:00,17:00
OR-1,2025-03-10,10:06,12:14,10:09,11:40,Total Knee Arthroplasty,SUR-011,completed,07:00,17:00
OR-1,2025-03-10,11:51,12:58,11:51,12:55,Laparoscopic Cholecystectomy,SUR-011,completed,07:00,17:00
OR-1,2025-03-10,13:15,15:55,13:15,16:12,Spinal Fusion,SUR-011,completed,07:00,17:00
OR-2,2025-03-10,07:00,07:55,07:03,08:03,Laparoscopic Cholecystectomy,SUR-008,completed,07:00,17:00
OR-2,2025-03-10,08:23,10:20,08:30,10:28,Total Knee Arthroplasty,SUR-008,completed,07:00,17:00
OR-2,2025-03-10,10:47,13:08,10:55,13:20,Total Hip Arthroplasty,SUR-008,completed,07:00,17:00
OR-2,2025-03-10,13:42,16:27,13:42,17:04,Spinal Fusion,SUR-002,completed,07:00,17:00
OR-3,2025-03-10,07:00,07:52,,,Cesarean Section,SUR-006,cancelled,07:00,17:00
OR-3,2025-03-10,07:59,08:36,08:08,08:52,Tonsillectomy,SUR-006,completed,07:00,17:00
OR-3,2025-03-10,09:13,11:46,09:18,12:17,Total Hip Arthroplasty,SUR-006,completed,07:00,17:00
OR-3,2025-03-10,12:41,15:45,12:41,16:24,Spinal Fusion,SUR-006,completed,07:00,17:00
OR-4,2025-03-10,07:00,08:36,07:08,08:36,ACL Reconstruction,SUR-012,completed,07:00,17:00
OR-4,2025-03-10,08:54,11:12,08:54,11:04,Total Knee Arthroplasty,SUR-012,completed,07:00,17:00
OR-4,2025-03-10,11:14,11:37,11:14,11:40,Carpal Tunnel Release,SUR-012,completed,07:00,17:00
OR-4,2025-03-10,12:24,15:17,12:24,16:00,Spinal Fusion,SUR-012,completed,07:00,17:00
OR-5,2025-03-10,07:00,07:50,07:06,07:50,Appendectomy,SUR-011,completed,07:00,17:00
OR-5,2025-03-10,08:10,09:57,08:12,09:53,ACL Reconstruction,SUR-002,completed,07:00,17:00
OR-5,2025-03-10,10:13,10:39,10:19,10:38,Cataract Surgery,SUR-011,completed,07:00,17:00
OR-5,2025-03-10,10:56,12:43,11:01,13:09,ACL Reconstruction,SUR-011,completed,07:00,17:00
OR-5,2025-03-10,13:30,16:51,13:39,17:40,Spinal Fusion,SUR-011,completed,07:00,17:00
OR-1,2025-03-11,07:00,07:26,,,Carpal Tunnel Release,SUR-006,cancelled,07:00,17:00
OR-1,2025-03-11,07:35,08:21,07:42,08:38,Appendectomy,SUR-006,completed,07:00,17:00
OR-1,2025-03-11,08:52,09:46,08:58,09:55,Laparoscopic Cholecystectomy,SUR-006,completed,07:00,17:00
OR-1,2025-03-11,10:05,12:25,10:05,12:13,Total Hip Arthroplasty,SUR-006,completed,07:00,17:00
OR-2,2025-03-11,07:00,08:05,07:00,08:01,Hernia Repair,SUR-007,completed,07:00,17:00
OR-2,2025-03-11,08:23,09:27,08:24,09:24,Hernia Repair,SUR-007,completed,07:00,17:00
OR-2,2025-03-11,09:58,10:22,10:06,10:25,Carpal Tunnel Release,SUR-007,completed,07:00,17:00
OR-2,2025-03-11,10:45,11:10,10:45,11:16,Cataract Surgery,SUR-007,completed,07:00,17:00
OR-3,2025-03-11,07:00,07:53,07:03,07:54,Hernia Repair,SUR-012,completed,07:00,17:00
OR-3,2025-03-11,08:18,08:56,08:18,08:51,Tonsillectomy,SUR-012,completed,07:00,17:00
OR-3,2025-03-11,09:14,11:27,09:20,11:47,Total Hip Arthroplasty,SUR-012,completed,07:00,17:00
OR-4,2025-03-11,07:00,07:42,07:06,07:57,Appendectomy,SUR-003,completed,07:00,17:00
OR-4,2025-03-11,08:13,09:52,08:18,10:27,ACL Reconstruction,SUR-003,completed,07:00,17:00
OR-4,2025-03-11,10:46,12:35,10:57,12:51,ACL Reconstruction,SUR-003,completed,07:00,17:00
OR-4,2025-03-11,13:11,14:38,13:13,15:01,Rotator Cuff Repair,SUR-003,completed,07:00,17:00
OR-5,2025-03-11,07:00,10:04,07:01,09:33,Spinal Fusion,SUR-002,completed,07:00,17:00
OR-5,2025-03-11,10:12,10:41,10:12,10:49,Cataract Surgery,SUR-002,completed,07:00,17:00
OR-5,2025-03-11,11:13,13:19,11:16,13:22,Total Knee Arthroplasty,SUR-002,completed,07:00,17:00
OR-1,2025-03-12,07:00,08:56,07:07,09:09,Total Hip Arthroplasty,SUR-010,completed,07:00,17:00
OR-1,2025-03-12,09:45,10:20,09:45,10:20,Tonsillectomy,SUR-009,completed,07:00,17:00
OR-1,2025-03-12,11:03,13:29,11:03,13:53,Total Hip Arthroplasty,SUR-005,completed,07:00,17:00
OR-1,2025-03-12,14:09,14:56,14:10,15:02,Hernia Repair,SUR-009,completed,07:00,17:00
OR-1,2025-03-12,15:12,15:38,15:16,15:43,Cataract Surgery,SUR-009,completed,07:00,17:00
OR-2,2025-03-12,07:00,08:45,07:12,08:34,Total Knee Arthroplasty,SUR-010,completed,07:00,17:00
OR-2,2025-03-12,09:09,09:37,09:09,09:39,Tonsillectomy,SUR-010,completed,07:00,17:00
OR-2,2025-03-12,10:14,12:17,10:21,12:32,Total Knee Arthroplasty,SUR-010,completed,07:00,17:00
OR-2,2025-03-12,12:45,13:32,12:45,13:25,Cesarean Section,SUR-010,completed,07:00,17:00
OR-2,2025-03-12,13:50,14:16,13:55,14:18,Cataract Surgery,SUR-005,completed,07:00,17:00
OR-2,2025-03-12,14:42,15:10,14:54,15:28,Cataract Surgery,SUR-010,completed,07:00,17:00
OR-3,2025-03-12,07:00,07:41,07:08,07:42,Appendectomy,SUR-012,completed,07:00,17:00
OR-3,2025-03-12,08:00,08:24,08:00,08:19,Carpal Tunnel Release,SUR-012,completed,07:00,17:00
OR-3,2025-03-12,08:29,09:07,08:29,09:13,Cesarean Section,SUR-012,completed,07:00,17:00
OR-4,2025-03-12,07:00,07:38,07:18,07:52,Appendectomy,SUR-004,completed,07:00,17:00
OR-4,2025-03-12,08:16,08:42,08:23,08:43,Carpal Tunnel Release,SUR-004,completed,07:00,17:00
OR-4,2025-03-12,09:03,10:43,09:21,10:38,Total Knee Arthroplasty,SUR-004,completed,07:00,17:00
OR-4,2025-03-12,10:51,11:17,10:51,11:25,Cataract Surgery,SUR-004,completed,07:00,17:00
OR-4,2025-03-12,12:06,12:58,12:06,12:43,Hernia Repair,SUR-004,completed,07:00,17:00
OR-4,2025-03-12,13:03,13:46,13:03,13:54,Appendectomy,SUR-004,completed,07:00,17:00
OR-5,2025-03-12,07:00,08:32,07:06,08:19,Rotator Cuff Repair,SUR-008,completed,07:00,17:00
OR-5,2025-03-12,08:46,09:11,08:55,09:24,Carpal Tunnel Release,SUR-008,completed,07:00,17:00
OR-5,2025-03-12,09:34,11:29,09:34,11:14,Total Hip Arthroplasty,SUR-008,completed,07:00,17:00
OR-1,2025-03-13,07:00,08:02,07:14,08:21,Laparoscopic Cholecystectomy,SUR-008,completed,07:00,17:00
OR-1,2025-03-13,08:44,09:45,08:50,09:54,Hernia Repair,SUR-008,completed,07:00,17:00
OR-1,2025-03-13,10:27,10:57,10:29,10:56,Cataract Surgery,SUR-008,completed,07:00,17:00
OR-1,2025-03-13,11:23,11:56,,,Cataract Surgery,SUR-010,cancelled,07:00,17:00
OR-1,2025-03-13,12:04,12:40,12:07,12:47,Appendectomy,SUR-008,completed,07:00,17:00
OR-1,2025-03-13,13:03,13:40,13:06,13:46,Cataract Surgery,SUR-008,completed,07:00,17:00
OR-2,2025-03-13,07:00,07:20,07:03,07:26,Carpal Tunnel Release,SUR-011,completed,07:00,17:00
OR-2,2025-03-13,07:42,08:14,07:53,08:34,Tonsillectomy,SUR-011,completed,07:00,17:00
OR-2,2025-03-13,09:00,09:33,09:02,09:32,Tonsillectomy,SUR-011,completed,07:00,17:00
OR-3,2025-03-13,07:00,09:41,07:04,09:15,Spinal Fusion,SUR-012,completed,07:00,17:00
OR-3,2025-03-13,09:25,09:50,09:30,10:03,Carpal Tunnel Release,SUR-012,completed,07:00,17:00
OR-3,2025-03-13,10:19,12:01,10:24,12:08,ACL Reconstruction,SUR-012,completed,07:00,17:00
OR-3,2025-03-13,12:35,13:12,12:40,13:19,Tonsillectomy,SUR-012,completed,07:00,17:00
OR-4,2025-03-13,07:00,07:47,07:03,07:44,Hernia Repair,SUR-011,completed,07:00,17:00
OR-4,2025-03-13,07:57,08:28,08:08,08:35,Cataract Surgery,SUR-011,completed,07:00,17:00
OR-4,2025-03-13,08:59,10:19,09:01,10:16,Rotator Cuff Repair,SUR-011,completed,07:00,17:00
OR-4,2025-03-13,10:42,11:09,10:52,11:20,Cataract Surgery,SUR-011,completed,07:00,17:00
OR-4,2025-03-13,11:36,13:03,11:41,13:32,ACL Reconstruction,SUR-004,completed,07:00,17:00
OR-5,2025-03-13,07:00,09:02,07:16,09:11,ACL Reconstruction,SUR-001,completed,07:00,17:00
OR-5,2025-03-13,09:30,11:14,09:30,11:38,ACL Reconstruction,SUR-001,completed,07:00,17:00
OR-5,2025-03-13,12:02,15:06,12:10,16:22,Spinal Fusion,SUR-001,completed,07:00,17:00
OR-1,2025-03-14,07:00,08:28,07:17,09:00,Rotator Cuff Repair,SUR-010,completed,07:00,17:00
OR-1,2025-03-14,09:19,10:14,09:24,10:24,Hernia Repair,SUR-010,completed,07:00,17:00
OR-1,2025-03-14,10:35,11:59,10:35,11:49,ACL Reconstruction,SUR-010,completed,07:00,17:00
OR-1,2025-03-14,12:05,13:08,12:07,13:18,Laparoscopic Cholecystectomy,SUR-010,completed,07:00,17:00
OR-2,2025-03-14,07:00,09:08,07:11,09:33,Total Hip Arthroplasty,SUR-003,completed,07:00,17:00
OR-2,2025-03-14,09:49,10:39,10:06,10:57,Cesarean Section,SUR-003,completed,07:00,17:00
OR-2,2025-03-14,11:13,12:11,11:17,12:17,Laparoscopic Cholecystectomy,SUR-003,completed,07:00,17:00
OR-2,2025-03-14,12:38,14:03,12:38,14:08,ACL Reconstruction,SUR-003,completed,07:00,17:00
OR-3,2025-03-14,07:00,09:49,07:06,09:57,Spinal Fusion,SUR-012,completed,07:00,17:00
OR-3,2025-03-14,10:26,10:55,10:32,10:59,Cataract Surgery,SUR-012,completed,07:00,17:00
OR-3,2025-03-14,11:25,13:45,11:34,14:20,Total Hip Arthroplasty,SUR-012,completed,07:00,17:00
OR-3,2025-03-14,14:46,15:20,14:51,15:35,Tonsillectomy,SUR-012,completed,07:00,17:00
OR-4,2025-03-14,07:00,07:51,07:09,08:03,Hernia Repair,SUR-008,completed,07:00,17:00
OR-4,2025-03-14,08:18,09:12,08:21,08:55,Hernia Repair,SUR-003,completed,07:00,17:00
OR-4,2025-03-14,09:15,10:14,09:18,10:35,Laparoscopic Cholecystectomy,SUR-008,completed,07:00,17:00
OR-4,2025-03-14,10:47,11:19,10:47,11:19,Tonsillectomy,SUR-008,completed,07:00,17:00
OR-5,2025-03-14,07:00,07:47,07:14,08:08,Cesarean Section,SUR-006,completed,07:00,17:00
OR-5,2025-03-14,08:30,10:06,08:40,10:18,ACL Reconstruction,SUR-003,completed,07:00,17:00
OR-5,2025-03-14,10:33,12:12,,,Total Knee Arthroplasty,SUR-003,cancelled,07:00,17:00
OR-5,2025-03-14,12:19,13:01,12:23,13:03,Tonsillectomy,SUR-003,completed,07:00,17:00
OR-5,2025-03-14,13:15,15:37,13:15,16:08,Total Hip Arthroplasty,SUR-003,completed,07:00,17:00
OR-1,2025-03-17,07:00,10:07,07:06,10:32,Spinal Fusion,SUR-007,completed,07:00,17:00
OR-1,2025-03-17,10:55,12:45,11:10,12:56,Total Knee Arthroplasty,SUR-007,completed,07:00,17:00
OR-1,2025-03-17,13:24,14:54,13:35,15:34,Total Knee Arthroplasty,SUR-007,completed,07:00,17:00
OR-1,2025-03-17,15:56,16:54,16:03,16:59,Hernia Repair,SUR-007,completed,07:00,17:00
OR-2,2025-03-17,07:00,07:41,07:04,07:53,Appendectomy,SUR-011,completed,07:00,17:00
OR-2,2025-03-17,08:22,09:17,08:22,09:12,Laparoscopic Cholecystectomy,SUR-011,completed,07:00,17:00
OR-2,2025-03-17,09:39,10:06,09:45,10:17,Cataract Surgery,SUR-011,completed,07:00,17:00
OR-2,2025-03-17,10:38,11:11,10:40,11:14,Cataract Surgery,SUR-011,completed,07:00,17:00
OR-3,2025-03-17,07:00,10:18,07:03,10:33,Spinal Fusion,SUR-009,completed,07:00,17:00
OR-3,2025-03-17,10:54,12:14,10:54,12:36,Rotator Cuff Repair,SUR-009,completed,07:00,17:00
OR-3,2025-03-17,12:59,13:39,13:04,13:46,Appendectomy,SUR-009,completed,07:00,17:00
OR-3,2025-03-17,14:35,17:00,,,Spinal Fusion,SUR-009,cancelled,07:00,17:00
OR-4,2025-03-17,07:00,07:28,07:08,07:46,Tonsillectomy,SUR-012,completed,07:00,17:00
OR-4,2025-03-17,08:07,09:29,08:08,09:54,ACL Reconstruction,SUR-004,completed,07:00,17:00
OR-4,2025-03-17,10:19,11:50,10:19,11:46,ACL Reconstruction,SUR-004,completed,07:00,17:00
OR-5,2025-03-17,07:00,08:53,07:14,09:16,ACL Reconstruction,SUR-001,completed,07:00,17:00
OR-5,2025-03-17,09:27,11:11,09:34,10:56,Total Knee Arthroplasty,SUR-001,completed,07:00,17:00
OR-5,2025-03-17,11:16,14:21,11:16,13:57,Spinal Fusion,SUR-001,completed,07:00,17:00
OR-1,2025-03-18,07:00,07:47,07:14,08:06,Appendectomy,SUR-012,completed,07:00,17:00
OR-1,2025-03-18,08:28,08:55,08:28,08:53,Cataract Surgery,SUR-009,completed,07:00,17:00
OR-1,2025-03-18,09:18,09:49,09:18,09:46,Cataract Surgery,SUR-012,completed,07:00,17:00
OR-1,2025-03-18,10:17,13:18,10:17,14:51,Spinal Fusion,SUR-012,completed,07:00,17:00
OR-2,2025-03-18,07:00,07:31,07:10,07:39,Cataract Surgery,SUR-004,completed,07:00,17:00
OR-2,2025-03-18,07:55,08:37,08:05,08:54,Tonsillectomy,SUR-010,completed,07:00,17:00
OR-2,2025-03-18,09:20,10:09,09:31,10:16,Hernia Repair,SUR-010,completed,07:00,17:00
OR-3,2025-03-18,07:00,07:50,,,Laparoscopic Cholecystectomy,SUR-007,cancelled,07:00,17:00
OR-3,2025-03-18,07:58,08:43,07:58,08:48,Cesarean Section,SUR-007,completed,07:00,17:00
OR-3,2025-03-18,09:26,11:42,,,Total Knee Arthroplasty,SUR-002,cancelled,07:00,17:00
OR-3,2025-03-18,11:56,13:44,12:06,13:57,ACL Reconstruction,SUR-007,completed,07:00,17:00
OR-4,2025-03-18,07:00,07:51,07:11,08:01,Cesarean Section,SUR-009,completed,07:00,17:00
OR-4,2025-03-18,08:22,10:15,08:33,10:39,ACL Reconstruction,SUR-009,completed,07:00,17:00
OR-4,2025-03-18,11:14,11:42,11:27,12:00,Cataract Surgery,SUR-003,completed,07:00,17:00
OR-5,2025-03-18,07:00,08:19,07:03,08:28,Rotator Cuff Repair,SUR-001,completed,07:00,17:00
OR-5,2025-03-18,08:53,09:52,08:53,10:03,Cesarean Section,SUR-001,completed,07:00,17:00
OR-5,2025-03-18,10:34,12:42,,,Total Knee Arthroplasty,SUR-011,cancelled,07:00,17:00
OR-5,2025-03-18,12:49,14:30,12:56,14:50,Rotator Cuff Repair,SUR-001,completed,07:00,17:00
OR-1,2025-03-19,07:00,07:49,07:11,08:01,Cesarean Section,SUR-010,completed,07:00,17:00
OR-1,2025-03-19,08:16,09:09,08:16,09:12,Laparoscopic Cholecystectomy,SUR-010,completed,07:00,17:00
OR-1,2025-03-19,09:33,09:58,09:40,10:03,Carpal Tunnel Release,SUR-010,completed,07:00,17:00
OR-1,2025-03-19,10:36,11:00,10:37,11:05,Carpal Tunnel Release,SUR-010,completed,07:00,17:00
OR-2,2025-03-19,07:00,07:55,07:13,07:51,Laparoscopic Cholecystectomy,SUR-003,completed,07:00,17:00
OR-2,2025-03-19,08:21,10:56,08:22,11:10,Total Hip Arthroplasty,SUR-003,completed,07:00,17:00
OR-2,2025-03-19,11:40,12:13,11:49,12:20,Tonsillectomy,SUR-003,completed,07:00,17:00
OR-3,2025-03-19,07:00,07:32,,,Tonsillectomy,SUR-007,cancelled,07:00,17:00
OR-3,2025-03-19,07:39,08:03,07:39,07:59,Carpal Tunnel Release,SUR-007,completed,07:00,17:00
OR-3,2025-03-19,08:24,08:53,,,Carpal Tunnel Release,SUR-007,cancelled,07:00,17:00
OR-3,2025-03-19,09:03,11:12,09:05,11:17,Total Knee Arthroplasty,SUR-007,completed,07:00,17:00
OR-3,2025-03-19,11:31,12:28,11:31,12:43,Cesarean Section,SUR-007,completed,07:00,17:00
OR-4,2025-03-19,07:00,07:52,07:18,08:03,Hernia Repair,SUR-011,completed,07:00,17:00
OR-4,2025-03-19,08:19,10:32,08:25,10:31,Total Hip Arthroplasty,SUR-011,completed,07:00,17:00
OR-4,2025-03-19,10:41,11:03,10:52,11:16,Carpal Tunnel Release,SUR-011,completed,07:00,17:00
OR-4,2025-03-19,11:41,14:36,11:41,15:44,Spinal Fusion,SUR-011,completed,07:00,17:00
OR-4,2025-03-19,16:04,16:37,,,Tonsillectomy,SUR-011,cancelled,07:00,17:00
OR-5,2025-03-19,07:00,07:23,07:08,07:31,Carpal Tunnel Release,SUR-008,completed,07:00,17:00
OR-5,2025-03-19,07:55,09:43,08:01,09:06,Rotator Cuff Repair,SUR-009,completed,07:00,17:00
OR-5,2025-03-19,09:30,11:30,09:34,11:46,Total Knee Arthroplasty,SUR-009,completed,07:00,17:00
OR-5,2025-03-19,12:07,15:06,12:14,15:12,Spinal Fusion,SUR-009,completed,07:00,17:00
OR-5,2025-03-19,15:26,15:58,15:26,16:02,Carpal Tunnel Release,SUR-009,completed,07:00,17:00
OR-5,2025-03-19,16:12,17:00,16:12,17:03,Total Hip Arthroplasty,SUR-009,completed,07:00,17:00
OR-1,2025-03-20,07:00,07:52,07:11,07:46,Cesarean Section,SUR-007,completed,07:00,17:00
OR-1,2025-03-20,08:22,10:07,08:35,10:42,Total Knee Arthroplasty,SUR-002,completed,07:00,17:00
OR-1,2025-03-20,11:08,11:40,11:12,11:44,Tonsillectomy,SUR-002,completed,07:00,17:00
OR-1,2025-03-20,12:06,12:59,12:06,13:14,Hernia Repair,SUR-002,completed,07:00,17:00
OR-1,2025-03-20,13:35,13:58,13:35,14:02,Carpal Tunnel Release,SUR-002,completed,07:00,17:00
OR-1,2025-03-20,14:16,15:48,14:22,16:16,Total Knee Arthroplasty,SUR-002,completed,07:00,17:00
OR-2,2025-03-20,07:00,07:44,07:08,07:40,Cesarean Section,SUR-006,completed,07:00,17:00
OR-2,2025-03-20,07:53,09:57,08:02,10:01,Total Hip Arthroplasty,SUR-006,completed,07:00,17:00
OR-2,2025-03-20,10:19,12:42,10:25,13:05,Total Knee Arthroplasty,SUR-006,completed,07:00,17:00
OR-2,2025-03-20,13:24,13:52,13:24,13:59,Cataract Surgery,SUR-006,completed,07:00,17:00
OR-2,2025-03-20,14:24,16:36,,,Total Hip Arthroplasty,SUR-006,cancelled,07:00,17:00
OR-3,2025-03-20,07:00,08:54,07:04,08:35,Total Hip Arthroplasty,SUR-012,completed,07:00,17:00
OR-3,2025-03-20,09:11,11:37,09:11,11:01,Total Hip Arthroplasty,SUR-012,completed,07:00,17:00
OR-3,2025-03-20,11:21,11:44,11:21,11:53,Carpal Tunnel Release,SUR-012,completed,07:00,17:00
OR-3,2025-03-20,12:17,13:51,12:17,14:11,Rotator Cuff Repair,SUR-012,completed,07:00,17:00
OR-3,2025-03-20,14:29,16:06,14:36,15:56,ACL Reconstruction,SUR-012,completed,07:00,17:00
OR-4,2025-03-20,07:00,08:41,07:15,08:37,ACL Reconstruction,SUR-008,completed,07:00,17:00
OR-4,2025-03-20,08:51,09:13,,,Carpal Tunnel Release,SUR-008,cancelled,07:00,17:00
OR-4,2025-03-20,09:26,12:17,09:26,11:48,Spinal Fusion,SUR-008,completed,07:00,17:00
OR-4,2025-03-20,12:09,13:01,12:09,13:20,Hernia Repair,SUR-008,completed,07:00,17:00
OR-4,2025-03-20,13:41,14:37,13:41,14:46,Cesarean Section,SUR-008,completed,07:00,17:00
OR-4,2025-03-20,15:07,15:56,15:19,16:14,Laparoscopic Cholecystectomy,SUR-008,completed,07:00,17:00
OR-5,2025-03-20,07:00,07:50,07:07,07:49,Hernia Repair,SUR-010,completed,07:00,17:00
OR-5,2025-03-20,08:20,08:56,08:26,09:12,Tonsillectomy,SUR-010,completed,07:00,17:00
OR-5,2025-03-20,09:43,10:15,09:43,10:12,Cataract Surgery,SUR-010,completed,07:00,17:00
OR-5,2025-03-20,10:25,10:57,10:30,10:56,Cataract Surgery,SUR-007,completed,07:00,17:00
OR-5,2025-03-20,11:16,11:45,11:19,11:43,Tonsillectomy,SUR-010,completed,07:00,17:00
OR-1,2025-03-21,07:00,07:51,07:19,08:18,Cesarean Section,SUR-005,completed,07:00,17:00
OR-1,2025-03-21,08:36,09:24,08:36,09:17,Appendectomy,SUR-005,completed,07:00,17:00
OR-1,2025-03-21,09:41,10:04,09:44,10:04,Cataract Surgery,SUR-005,completed,07:00,17:00
OR-1,2025-03-21,10:26,11:19,10:32,11:30,Laparoscopic Cholecystectomy,SUR-005,completed,07:00,17:00
OR-1,2025-03-21,12:03,13:03,12:03,13:07,Laparoscopic Cholecystectomy,SUR-005,completed,07:00,17:00
OR-2,2025-03-21,07:00,08:33,07:11,09:25,Rotator Cuff Repair,SUR-006,completed,07:00,17:00
OR-2,2025-03-21,09:42,11:19,09:42,11:26,ACL Reconstruction,SUR-006,completed,07:00,17:00
OR-2,2025-03-21,11:51,12:45,12:01,12:52,Hernia Repair,SUR-006,completed,07:00,17:00
OR-3,2025-03-21,07:00,09:06,07:07,09:06,Total Knee Arthroplasty,SUR-001,completed,07:00,17:00
OR-3,2025-03-21,09:47,10:28,09:52,10:29,Appendectomy,SUR-001,completed,07:00,17:00
OR-3,2025-03-21,11:05,11:37,11:05,11:41,Cataract Surgery,SUR-001,completed,07:00,17:00
OR-4,2025-03-21,07:00,07:42,07:12,07:57,Appendectomy,SUR-008,completed,07:00,17:00
OR-4,2025-03-21,08:20,10:34,08:26,10:50,Total Hip Arthroplasty,SUR-012,completed,07:00,17:00
OR-4,2025-03-21,11:12,12:03,11:26,12:10,Hernia Repair,SUR-012,completed,07:00,17:00
OR-4,2025-03-21,12:35,13:28,12:49,13:38,Hernia Repair,SUR-012,completed,07:00,17:00
OR-5,2025-03-21,07:00,07:45,07:09,07:43,Cesarean Section,SUR-012,completed,07:00,17:00
OR-5,2025-03-21,08:01,10:22,08:06,10:18,Spinal Fusion,SUR-012,completed,07:00,17:00
OR-5,2025-03-21,10:28,12:18,10:28,12:40,ACL Reconstruction,SUR-012,completed,07:00,17:00
OR-5,2025-03-21,12:56,15:15,13:04,15:10,Total Knee Arthroplasty,SUR-012,completed,07:00,17:00
OR-1,2025-03-24,07:00,08:46,07:06,08:49,ACL Reconstruction,SUR-008,completed,07:00,17:00
OR-1,2025-03-24,09:21,09:53,09:25,10:04,Tonsillectomy,SUR-008,completed,07:00,17:00
OR-1,2025-03-24,10:32,11:21,10:34,11:10,Cesarean Section,SUR-008,completed,07:00,17:00
OR-1,2025-03-24,11:23,12:24,11:26,12:33,Laparoscopic Cholecystectomy,SUR-003,completed,07:00,17:00
OR-2,2025-03-24,07:00,09:38,,,Spinal Fusion,SUR-012,cancelled,07:00,17:00
OR-2,2025-03-24,09:47,10:42,09:59,11:05,Laparoscopic Cholecystectomy,SUR-012,completed,07:00,17:00
OR-2,2025-03-24,11:29,13:50,11:29,13:58,Total Knee Arthroplasty,SUR-012,completed,07:00,17:00
OR-3,2025-03-24,07:00,07:54,07:09,07:53,Laparoscopic Cholecystectomy,SUR-003,completed,07:00,17:00
OR-3,2025-03-24,08:20,10:10,08:25,09:42,ACL Reconstruction,SUR-003,completed,07:00,17:00
OR-3,2025-03-24,09:56,10:22,10:00,10:15,Carpal Tunnel Release,SUR-003,completed,07:00,17:00
OR-4,2025-03-24,07:00,07:55,07:03,08:07,Hernia Repair,SUR-002,completed,07:00,17:00
OR-4,2025-03-24,08:23,10:28,08:29,11:17,Total Hip Arthroplasty,SUR-002,completed,07:00,17:00
OR-4,2025-03-24,11:51,12:47,11:57,13:05,Hernia Repair,SUR-004,completed,07:00,17:00
OR-4,2025-03-24,13:16,14:03,13:16,14:09,Appendectomy,SUR-002,completed,07:00,17:00
OR-4,2025-03-24,14:29,15:00,14:33,14:51,Cataract Surgery,SUR-002,completed,07:00,17:00
OR-5,2025-03-24,07:00,07:58,07:10,08:07,Hernia Repair,SUR-009,completed,07:00,17:00
OR-5,2025-03-24,08:42,10:45,08:48,11:18,Total Knee Arthroplasty,SUR-009,completed,07:00,17:00
OR-5,2025-03-24,11:42,12:22,11:42,12:20,Appendectomy,SUR-009,completed,07:00,17:00
OR-5,2025-03-24,12:48,13:21,12:56,13:33,Tonsillectomy,SUR-006,completed,07:00,17:00
OR-5,2025-03-24,14:05,16:59,14:11,17:42,Spinal Fusion,SUR-009,completed,07:00,17:00
OR-1,2025-03-25,07:00,07:45,07:05,07:57,Hernia Repair,SUR-009,completed,07:00,17:00
OR-1,2025-03-25,08:31,10:03,08:33,10:20,Rotator Cuff Repair,SUR-007,completed,07:00,17:00
OR-1,2025-03-25,10:48,11:12,,,Carpal Tunnel Release,SUR-007,cancelled,07:00,17:00
OR-1,2025-03-25,11:20,13:07,11:28,13:25,Rotator Cuff Repair,SUR-007,completed,07:00,17:00
OR-2,2025-03-25,07:00,08:45,07:07,08:55,ACL Reconstruction,SUR-003,completed,07:00,17:00
OR-2,2025-03-25,09:08,09:58,09:08,09:55,Appendectomy,SUR-003,completed,07:00,17:00
OR-2,2025-03-25,10:17,12:58,10:18,12:49,Total Hip Arthroplasty,SUR-003,completed,07:00,17:00
OR-3,2025-03-25,07:00,08:56,07:00,08:35,ACL Reconstruction,SUR-011,completed,07:00,17:00
OR-3,2025-03-25,09:18,10:21,,,Laparoscopic Cholecystectomy,SUR-012,cancelled,07:00,17:00
OR-3,2025-03-25,10:26,12:41,10:35,13:42,Total Hip Arthroplasty,SUR-012,completed,07:00,17:00
OR-3,2025-03-25,14:07,14:35,14:15,14:42,Cataract Surgery,SUR-012,completed,07:00,17:00
OR-3,2025-03-25,14:55,15:32,14:55,15:30,Appendectomy,SUR-012,completed,07:00,17:00
OR-4,2025-03-25,07:00,10:05,07:00,08:21,Spinal Fusion,SUR-008,completed,07:00,17:00
OR-4,2025-03-25,08:34,10:42,08:34,11:21,Total Hip Arthroplasty,SUR-008,completed,07:00,17:00
OR-4,2025-03-25,11:38,12:16,11:41,12:21,Tonsillectomy,SUR-008,completed,07:00,17:00
OR-4,2025-03-25,12:36,14:35,12:36,14:49,Total Knee Arthroplasty,SUR-009,completed,07:00,17:00
OR-4,2025-03-25,15:09,17:00,15:18,17:31,Total Hip Arthroplasty,SUR-008,completed,07:00,17:00
OR-5,2025-03-25,07:00,07:30,07:07,07:32,Cataract Surgery,SUR-010,completed,07:00,17:00
OR-5,2025-03-25,07:54,10:42,07:54,09:57,Spinal Fusion,SUR-003,completed,07:00,17:00
OR-5,2025-03-25,10:16,11:14,10:16,11:43,Hernia Repair,SUR-010,completed,07:00,17:00
OR-1,2025-03-26,07:00,08:53,07:12,09:43,ACL Reconstruction,SUR-009,completed,07:00,17:00
OR-1,2025-03-26,09:58,10:35,09:59,10:41,Cesarean Section,SUR-009,completed,07:00,17:00
OR-1,2025-03-26,11:04,13:07,11:15,13:34,Total Knee Arthroplasty,SUR-009,completed,07:00,17:00
OR-1,2025-03-26,14:02,16:04,,,Total Hip Arthroplasty,SUR-009,cancelled,07:00,17:00
OR-2,2025-03-26,07:00,07:30,07:04,07:30,Cataract Surgery,SUR-009,completed,07:00,17:00
OR-2,2025-03-26,07:46,08:32,07:46,08:20,Cesarean Section,SUR-009,completed,07:00,17:00
OR-2,2025-03-26,08:40,10:14,08:50,10:35,ACL Reconstruction,SUR-003,completed,07:00,17:00
OR-3,2025-03-26,07:00,07:41,07:07,07:50,Appendectomy,SUR-004,completed,07:00,17:00
OR-3,2025-03-26,08:17,08:51,08:27,09:02,Tonsillectomy,SUR-004,completed,07:00,17:00
OR-3,2025-03-26,09:30,10:22,09:30,10:27,Hernia Repair,SUR-004,completed,07:00,17:00
OR-3,2025-03-26,10:54,11:25,11:00,11:32,Cataract Surgery,SUR-004,completed,07:00,17:00
OR-4,2025-03-26,07:00,08:34,07:10,08:35,Rotator Cuff Repair,SUR-004,completed,07:00,17:00
OR-4,2025-03-26,09:05,09:46,09:05,09:59,Appendectomy,SUR-004,completed,07:00,17:00
OR-4,2025-03-26,10:27,11:10,10:32,11:19,Appendectomy,SUR-004,completed,07:00,17:00
OR-4,2025-03-26,11:29,12:00,11:32,12:04,Tonsillectomy,SUR-004,completed,07:00,17:00
OR-4,2025-03-26,12:27,13:33,12:29,13:30,Laparoscopic Cholecystectomy,SUR-004,completed,07:00,17:00
OR-4,2025-03-26,13:54,15:21,13:57,15:32,Rotator Cuff Repair,SUR-004,completed,07:00,17:00
OR-5,2025-03-26,07:00,07:34,07:05,07:39,Appendectomy,SUR-006,completed,07:00,17:00
OR-5,2025-03-26,07:54,08:26,08:02,08:35,Cataract Surgery,SUR-012,completed,07:00,17:00
OR-5,2025-03-26,08:54,10:22,08:57,10:29,Rotator Cuff Repair,SUR-006,completed,07:00,17:00
OR-5,2025-03-26,10:49,12:21,10:57,12:17,Rotator Cuff Repair,SUR-006,completed,07:00,17:00
OR-1,2025-03-27,07:00,08:22,07:13,08:38,ACL Reconstruction,SUR-002,completed,07:00,17:00
OR-1,2025-03-27,09:04,09:55,09:18,10:05,Laparoscopic Cholecystectomy,SUR-002,completed,07:00,17:00
OR-1,2025-03-27,10:28,11:22,10:28,11:19,Cesarean Section,SUR-002,completed,07:00,17:00
OR-1,2025-03-27,11:42,14:16,11:47,15:20,Total Knee Arthroplasty,SUR-002,completed,07:00,17:00
OR-2,2025-03-27,07:00,07:36,07:02,07:44,Tonsillectomy,SUR-005,completed,07:00,17:00
OR-2,2025-03-27,07:54,08:57,07:59,08:34,Hernia Repair,SUR-010,completed,07:00,17:00
OR-2,2025-03-27,08:53,10:39,08:55,11:01,ACL Reconstruction,SUR-010,completed,07:00,17:00
OR-2,2025-03-27,11:16,11:55,11:19,12:02,Appendectomy,SUR-010,completed,07:00,17:00
OR-2,2025-03-27,12:21,12:54,12:21,12:59,Cataract Surgery,SUR-010,completed,07:00,17:00
OR-3,2025-03-27,07:00,08:15,07:00,08:15,Rotator Cuff Repair,SUR-002,completed,07:00,17:00
OR-3,2025-03-27,08:52,09:29,08:52,09:09,Tonsillectomy,SUR-002,completed,07:00,17:00
OR-3,2025-03-27,09:36,10:35,09:46,10:40,Laparoscopic Cholecystectomy,SUR-002,completed,07:00,17:00
OR-3,2025-03-27,11:04,11:41,11:05,11:42,Tonsillectomy,SUR-002,completed,07:00,17:00
OR-3,2025-03-27,12:04,12:56,12:07,13:15,Cesarean Section,SUR-002,completed,07:00,17:00
OR-4,2025-03-27,07:00,07:21,07:19,07:38,Carpal Tunnel Release,SUR-001,completed,07:00,17:00
OR-4,2025-03-27,07:55,08:39,,,Appendectomy,SUR-001,cancelled,07:00,17:00
OR-4,2025-03-27,08:49,11:48,08:52,12:08,Spinal Fusion,SUR-001,completed,07:00,17:00
OR-4,2025-03-27,12:18,14:40,,,Total Knee Arthroplasty,SUR-001,cancelled,07:00,17:00
OR-5,2025-03-27,07:00,07:43,07:05,07:42,Cesarean Section,SUR-012,completed,07:00,17:00
OR-5,2025-03-27,08:15,09:11,08:23,09:14,Laparoscopic Cholecystectomy,SUR-012,completed,07:00,17:00
OR-5,2025-03-27,09:32,10:06,09:43,10:08,Tonsillectomy,SUR-012,completed,07:00,17:00
OR-5,2025-03-27,10:19,11:03,10:19,11:00,Hernia Repair,SUR-012,completed,07:00,17:00
OR-1,2025-03-28,07:00,08:23,07:00,08:07,Rotator Cuff Repair,SUR-004,completed,07:00,17:00
OR-1,2025-03-28,08:38,09:04,08:43,09:05,Carpal Tunnel Release,SUR-003,completed,07:00,17:00
OR-1,2025-03-28,09:15,09:37,09:18,09:45,Carpal Tunnel Release,SUR-011,completed,07:00,17:00
OR-1,2025-03-28,10:14,10:45,10:14,10:47,Cataract Surgery,SUR-004,completed,07:00,17:00
OR-1,2025-03-28,11:06,12:34,11:22,12:32,Rotator Cuff Repair,SUR-004,completed,07:00,17:00
OR-2,2025-03-28,07:00,10:21,07:00,09:57,Spinal Fusion,SUR-011,completed,07:00,17:00
OR-2,2025-03-28,10:14,10:38,10:14,10:41,Carpal Tunnel Release,SUR-011,completed,07:00,17:00
OR-2,2025-03-28,11:08,11:44,11:08,11:46,Tonsillectomy,SUR-011,completed,07:00,17:00
OR-2,2025-03-28,12:00,13:56,12:16,14:25,Total Knee Arthroplasty,SUR-010,completed,07:00,17:00
OR-3,2025-03-28,07:00,08:41,07:00,08:19,ACL Reconstruction,SUR-003,completed,07:00,17:00
OR-3,2025-03-28,08:32,09:29,,,Laparoscopic Cholecystectomy,SUR-003,cancelled,07:00,17:00
OR-3,2025-03-28,09:36,10:33,09:36,10:30,Hernia Repair,SUR-003,completed,07:00,17:00
OR-3,2025-03-28,10:54,11:26,10:56,11:33,Tonsillectomy,SUR-003,completed,07:00,17:00
OR-4,2025-03-28,07:00,09:18,07:17,09:31,Total Hip Arthroplasty,SUR-012,completed,07:00,17:00
OR-4,2025-03-28,10:02,10:28,10:02,10:23,Carpal Tunnel Release,SUR-012,completed,07:00,17:00
OR-4,2025-03-28,10:38,13:22,10:41,13:53,Spinal Fusion,SUR-012,completed,07:00,17:00
OR-4,2025-03-28,14:25,15:26,14:26,15:09,Laparoscopic Cholecystectomy,SUR-012,completed,07:00,17:00
OR-5,2025-03-28,07:00,07:25,07:09,07:43,Carpal Tunnel Release,SUR-007,completed,07:00,17:00
OR-5,2025-03-28,08:14,11:28,08:14,11:15,Spinal Fusion,SUR-009,completed,07:00,17:00
OR-5,2025-03-28,11:36,12:26,11:43,12:39,Hernia Repair,SUR-003,completed,07:00,17:00
OR-5,2025-03-28,12:52,13:31,12:56,13:26,Tonsillectomy,SUR-003,completed,07:00,17:00
OR-5,2025-03-28,13:47,14:22,13:56,14:33,Tonsillectomy,SUR-003,completed,07:00,17:00
